Chapter,Section,Subsection,Subsubsection,In Syllabus,Chapter Filecase,Section Filecase,Subsection Filecase,Subsubsection Filecase,PTX Path,PTX Exists,Lesson Plan Path,Lesson Plan Exists,Step By Step Guide Path,Step By Step Guide Exists,PTX Exists,Lesson Plan Exists,Step By Step Exists
Numbers and Algebra,Real Numbers,Classification of Numbers,Even and Odd Numbers,Yes,numbers-and-algebra,real-numbers,classification-of-numbers,even-and-odd-numbers,numbers-and-algebra/real-numbers/subsubsec-even-and-odd-numbers.ptx,YES,numbers-and-algebra/real-numbers/even-and-odd-numbers.pdf,YES,numbers-and-algebra/real-numbers/step-by-step-guide_even-and-odd-numbers.pdf,YES,YES,YES,YES
Numbers and Algebra,Real Numbers,Classification of Numbers,Prime and Composite Numbers,Yes,numbers-and-algebra,real-numbers,classification-of-numbers,prime-and-composite-numbers,numbers-and-algebra/real-numbers/subsubsec-prime-and-composite-numbers.ptx,YES,numbers-and-algebra/real-numbers/prime-and-composite-numbers.pdf,YES,numbers-and-algebra/real-numbers/step-by-step-guide_prime-and-composite-numbers.pdf,NO,YES,YES,YES
Numbers and Algebra,Real Numbers,Classification of Numbers,Rational and Irrational Numbers,Yes,numbers-and-algebra,real-numbers,classification-of-numbers,rational-and-irrational-numbers,numbers-and-algebra/real-numbers/subsubsec-rational-and-irrational-numbers.ptx,YES,numbers-and-algebra/real-numbers/rational-and-irrational-numbers.pdf,YES,numbers-and-algebra/real-numbers/step-by-step-guide_rational-and-irrational-numbers.pdf,NO,YES,YES,YES
Numbers and Algebra,Real Numbers,Reciprocals of Numbers,Reciprocals using Division,Yes,numbers-and-algebra,real-numbers,reciprocals-of-numbers,reciprocals-using-division,numbers-and-algebra/real-numbers/subsubsec-reciprocals-using-division.ptx,YES,numbers-and-algebra/real-numbers/reciprocals-using-division.pdf,YES,numbers-and-algebra/real-numbers/step-by-step-guide_reciprocals-using-division.pdf,YES,YES,YES,YES
Numbers and Algebra,Real Numbers,Reciprocals of Numbers,Reciprocals Using Tables and Calculators,Yes,numbers-and-algebra,real-numbers,reciprocals-of-numbers,reciprocals-using-tables-and-calculators,numbers-and-algebra/real-numbers/subsubsec-reciprocals-using-tables-and-calculators.ptx,YES,numbers-and-algebra/real-numbers/reciprocals-using-tables-and-calculators.pdf,YES,numbers-and-algebra/real-numbers/step-by-step-guide_reciprocals-using-tables-and-calculators.pdf,YES,YES,YES,YES
Numbers and Algebra,Real Numbers,Reciprocals of Numbers,Using Reciprocals,Yes,numbers-and-algebra,real-numbers,reciprocals-of-numbers,using-reciprocals,numbers-and-algebra/real-numbers/subsubsec-using-reciprocals.ptx,YES,numbers-and-algebra/real-numbers/using-reciprocals.pdf,YES,numbers-and-algebra/real-numbers/step-by-step-guide_using-reciprocals.pdf,NO,YES,YES,NO
Numbers and Algebra,Indices and Logarithms,Indices,Introduction to Indices,Yes,numbers-and-algebra,indices-and-logarithms,indices,introduction-to-indices,numbers-and-algebra/indices-and-logarithms/subsubsec-introduction-to-indices.ptx,YES,numbers-and-algebra/indices-and-logarithms/introduction-to-indices.pdf,NO,numbers-and-algebra/indices-and-logarithms/step-by-step-guide_introduction-to-indices.pdf,NO,YES,NO,NO
Numbers and Algebra,Indices and Logarithms,Indices,Laws of Indices,Yes,numbers-and-algebra,indices-and-logarithms,indices,laws-of-indices,numbers-and-algebra/indices-and-logarithms/subsubsec-laws-of-indices.ptx,YES,numbers-and-algebra/indices-and-logarithms/laws-of-indices.pdf,YES,numbers-and-algebra/indices-and-logarithms/step-by-step-guide_laws-of-indices.pdf,YES,YES,YES,YES
Numbers and Algebra,Indices and Logarithms,Indices,Zero and Negative Indices,Yes,numbers-and-algebra,indices-and-logarithms,indices,zero-and-negative-indices,numbers-and-algebra/indices-and-logarithms/subsubsec-zero-and-negative-indices.ptx,YES,numbers-and-algebra/indices-and-logarithms/zero-and-negative-indices.pdf,YES,numbers-and-algebra/indices-and-logarithms/step-by-step-guide_zero-and-negative-indices.pdf,YES,YES,YES,YES
Numbers and Algebra,Indices and Logarithms,Indices,Indices in Real-Life,Yes,numbers-and-algebra,indices-and-logarithms,indices,indices-in-real-life,numbers-and-algebra/indices-and-logarithms/subsubsec-indices-in-real-life.ptx,YES,numbers-and-algebra/indices-and-logarithms/indices-in-real-life.pdf,YES,numbers-and-algebra/indices-and-logarithms/step-by-step-guide_indices-in-real-life.pdf,YES,YES,YES,YES
Numbers and Algebra,Indices and Logarithms,Logarithms,Introduction to Logarithms,Yes,numbers-and-algebra,indices-and-logarithms,logarithms,introduction-to-logarithms,numbers-and-algebra/indices-and-logarithms/subsubsec-introduction-to-logarithms.ptx,YES,numbers-and-algebra/indices-and-logarithms/introduction-to-logarithms.pdf,YES,numbers-and-algebra/indices-and-logarithms/step-by-step-guide_introduction-to-logarithms.pdf,YES,YES,YES,YES
Numbers and Algebra,Indices and Logarithms,Logarithms,Logarithms of Products and Ratios,Yes,numbers-and-algebra,indices-and-logarithms,logarithms,logarithms-of-products-and-ratios,numbers-and-algebra/indices-and-logarithms/subsubsec-logarithms-of-products-and-ratios.ptx,YES,numbers-and-algebra/indices-and-logarithms/logarithms-of-products-and-ratios.pdf,NO,numbers-and-algebra/indices-and-logarithms/step-by-step-guide_logarithms-of-products-and-ratios.pdf,NO,YES,NO,NO
Numbers and Algebra,Indices and Logarithms,Logarithms,Finding Logarithms Using Tables and Calculators,Yes,numbers-and-algebra,indices-and-logarithms,logarithms,finding-logarithms-using-tables-and-calculators,numbers-and-algebra/indices-and-logarithms/subsubsec-finding-logarithms-using-tables-and-calculators.ptx,YES,numbers-and-algebra/indices-and-logarithms/finding-logarithms-using-tables-and-calculators.pdf,YES,numbers-and-algebra/indices-and-logarithms/step-by-step-guide_finding-logarithms-using-tables-and-calculators.pdf,YES,YES,YES,YES
Numbers and Algebra,Indices and Logarithms,Logarithms,Antilogarithms,Yes,numbers-and-algebra,indices-and-logarithms,logarithms,antilogarithms,numbers-and-algebra/indices-and-logarithms/subsubsec-antilogarithms.ptx,NO,numbers-and-algebra/indices-and-logarithms/antilogarithms.pdf,YES,numbers-and-algebra/indices-and-logarithms/step-by-step-guide_antilogarithms.pdf,YES,NO,YES,YES
Numbers and Algebra,Indices and Logarithms,Logarithms,Logarithms of Powers and Roots,Yes,numbers-and-algebra,indices-and-logarithms,logarithms,logarithms-of-powers-and-roots,numbers-and-algebra/indices-and-logarithms/subsubsec-logarithms-of-powers-and-roots.ptx,YES,numbers-and-algebra/indices-and-logarithms/logarithms-of-powers-and-roots.pdf,NO,numbers-and-algebra/indices-and-logarithms/step-by-step-guide_logarithms-of-powers-and-roots.pdf,NO,YES,NO,NO
Numbers and Algebra,Indices and Logarithms,Logarithms,Logarithms in Real-Life,Yes,numbers-and-algebra,indices-and-logarithms,logarithms,logarithms-in-real-life,numbers-and-algebra/indices-and-logarithms/subsubsec-logarithms-in-real-life.ptx,YES,numbers-and-algebra/indices-and-logarithms/logarithms-in-real-life.pdf,YES,numbers-and-algebra/indices-and-logarithms/step-by-step-guide_logarithms-in-real-life.pdf,YES,YES,YES,YES
Numbers and Algebra,Quadratic Expressions and Equations,Quadratic Expressions,Forming Quadratics by Multiplying,Yes,numbers-and-algebra,quadratic-expressions-and-equations,quadratic-expressions,forming-quadratics-by-multiplying,numbers-and-algebra/quadratic-expressions-and-equations/subsubsec-forming-quadratics-by-multiplying.ptx,YES,numbers-and-algebra/quadratic-expressions-and-equations/forming-quadratics-by-multiplying.pdf,YES,numbers-and-algebra/quadratic-expressions-and-equations/step-by-step-guide_forming-quadratics-by-multiplying.pdf,YES,YES,YES,YES
Numbers and Algebra,Quadratic Expressions and Equations,Quadratic Expressions,Forming Quadratics in Real-Life,Yes,numbers-and-algebra,quadratic-expressions-and-equations,quadratic-expressions,forming-quadratics-in-real-life,numbers-and-algebra/quadratic-expressions-and-equations/subsubsec-forming-quadratics-in-real-life.ptx,YES,numbers-and-algebra/quadratic-expressions-and-equations/forming-quadratics-in-real-life.pdf,NO,numbers-and-algebra/quadratic-expressions-and-equations/step-by-step-guide_forming-quadratics-in-real-life.pdf,NO,YES,NO,NO
Numbers and Algebra,Quadratic Expressions and Equations,Quadatic Identities,Perfect Squares,Yes,numbers-and-algebra,quadratic-expressions-and-equations,quadatic-identities,perfect-squares,numbers-and-algebra/quadratic-expressions-and-equations/subsubsec-perfect-squares.ptx,YES,numbers-and-algebra/quadratic-expressions-and-equations/perfect-squares.pdf,YES,numbers-and-algebra/quadratic-expressions-and-equations/step-by-step-guide_perfect-squares.pdf,YES,YES,YES,YES
Numbers and Algebra,Quadratic Expressions and Equations,Quadatic Identities,Difference of Squares,Yes,numbers-and-algebra,quadratic-expressions-and-equations,quadatic-identities,difference-of-squares,numbers-and-algebra/quadratic-expressions-and-equations/subsubsec-difference-of-squares.ptx,YES,numbers-and-algebra/quadratic-expressions-and-equations/difference-of-squares.pdf,NO,numbers-and-algebra/quadratic-expressions-and-equations/step-by-step-guide_difference-of-squares.pdf,NO,YES,NO,NO
Numbers and Algebra,Quadratic Expressions and Equations,Quadatic Identities,Quadratic Identities in Numerical Cases,Yes,numbers-and-algebra,quadratic-expressions-and-equations,quadatic-identities,quadratic-identities-in-numerical-cases,numbers-and-algebra/quadratic-expressions-and-equations/subsubsec-quadratic-identities-in-numerical-cases.ptx,YES,numbers-and-algebra/quadratic-expressions-and-equations/quadratic-identities-in-numerical-cases.pdf,YES,numbers-and-algebra/quadratic-expressions-and-equations/step-by-step-guide_quadratic-identities-in-numerical-cases.pdf,YES,YES,YES,YES
Numbers and Algebra,Quadratic Expressions and Equations,Factorising Quadratics,Factorising Monic Quadratics,Yes,numbers-and-algebra,quadratic-expressions-and-equations,factorising-quadratics,factorising-monic-quadratics,numbers-and-algebra/quadratic-expressions-and-equations/subsubsec-factorising-monic-quadratics.ptx,YES,numbers-and-algebra/quadratic-expressions-and-equations/factorising-monic-quadratics.pdf,YES,numbers-and-algebra/quadratic-expressions-and-equations/step-by-step-guide_factorising-monic-quadratics.pdf,NO,YES,YES,NO
Numbers and Algebra,Quadratic Expressions and Equations,Factorising Quadratics,Factorising Non-Monic Quadratics,Yes,numbers-and-algebra,quadratic-expressions-and-equations,factorising-quadratics,factorising-non-monic-quadratics,numbers-and-algebra/quadratic-expressions-and-equations/subsubsec-factorising-non-monic-quadratics.ptx,YES,numbers-and-algebra/quadratic-expressions-and-equations/factorising-non-monic-quadratics.pdf,YES,numbers-and-algebra/quadratic-expressions-and-equations/step-by-step-guide_factorising-non-monic-quadratics.pdf,NO,YES,YES,NO
Numbers and Algebra,Quadratic Expressions and Equations,Quadratic Equations,Formation of Quadratic Equations,Yes,numbers-and-algebra,quadratic-expressions-and-equations,quadratic-equations,formation-of-quadratic-equations,numbers-and-algebra/quadratic-expressions-and-equations/subsubsec-formation-of-quadratic-equations.ptx,YES,numbers-and-algebra/quadratic-expressions-and-equations/formation-of-quadratic-equations.pdf,NO,numbers-and-algebra/quadratic-expressions-and-equations/step-by-step-guide_formation-of-quadratic-equations.pdf,NO,YES,NO,NO
Numbers and Algebra,Quadratic Expressions and Equations,Quadratic Equations,Solving Quadratic Equations,Yes,numbers-and-algebra,quadratic-expressions-and-equations,quadratic-equations,solving-quadratic-equations,numbers-and-algebra/quadratic-expressions-and-equations/subsubsec-solving-quadratic-equations.ptx,YES,numbers-and-algebra/quadratic-expressions-and-equations/solving-quadratic-equations.pdf,NO,numbers-and-algebra/quadratic-expressions-and-equations/step-by-step-guide_solving-quadratic-equations.pdf,YES,YES,NO,YES
Numbers and Algebra,Quadratic Expressions and Equations,Quadratic Equations,Quadratic Equations in Real-Life,Yes,numbers-and-algebra,quadratic-expressions-and-equations,quadratic-equations,quadratic-equations-in-real-life,numbers-and-algebra/quadratic-expressions-and-equations/subsubsec-quadratic-equations-in-real-life.ptx,YES,numbers-and-algebra/quadratic-expressions-and-equations/quadratic-equations-in-real-life.pdf,YES,numbers-and-algebra/quadratic-expressions-and-equations/step-by-step-guide_quadratic-equations-in-real-life.pdf,YES,YES,YES,YES
Measurements and Geometry,Similarity and Enlargement,Introduction to Similarity,,Yes,measurements-and-geometry,similarity-and-enlargement,introduction-to-similarity,,measurements-and-geometry/similarity-and-enlargement/subsec-introduction-to-similarity.ptx,YES,measurements-and-geometry/similarity-and-enlargement/introduction-to-similarity.pdf,YES,measurements-and-geometry/similarity-and-enlargement/step-by-step-guide_introduction-to-similarity.pdf,YES,YES,YES,YES
Measurements and Geometry,Similarity and Enlargement,Enlargements of Objects,Positive Enlargements ,Yes,measurements-and-geometry,similarity-and-enlargement,enlargements-of-objects,positive-enlargements,measurements-and-geometry/similarity-and-enlargement/subsubsec-positive-enlargements.ptx,YES,measurements-and-geometry/similarity-and-enlargement/positive-enlargements.pdf,YES,measurements-and-geometry/similarity-and-enlargement/step-by-step-guide_positive-enlargements.pdf,YES,YES,YES,YES
Measurements and Geometry,Similarity and Enlargement,Enlargements of Objects,Negative Enlargements,Yes,measurements-and-geometry,similarity-and-enlargement,enlargements-of-objects,negative-enlargements,measurements-and-geometry/similarity-and-enlargement/subsubsec-negative-enlargements.ptx,YES,measurements-and-geometry/similarity-and-enlargement/negative-enlargements.pdf,YES,measurements-and-geometry/similarity-and-enlargement/step-by-step-guide_negative-enlargements.pdf,YES,YES,YES,YES
Measurements and Geometry,Similarity and Enlargement,Scale Factors,Area Scale Factors,Yes,measurements-and-geometry,similarity-and-enlargement,scale-factors,area-scale-factors,measurements-and-geometry/similarity-and-enlargement/subsubsec-area-scale-factors.ptx,YES,measurements-and-geometry/similarity-and-enlargement/area-scale-factors.pdf,YES,measurements-and-geometry/similarity-and-enlargement/step-by-step-guide_area-scale-factors.pdf,YES,YES,YES,YES
Measurements and Geometry,Similarity and Enlargement,Scale Factors,Volume Scale Factors,Yes,measurements-and-geometry,similarity-and-enlargement,scale-factors,volume-scale-factors,measurements-and-geometry/similarity-and-enlargement/subsubsec-volume-scale-factors.ptx,YES,measurements-and-geometry/similarity-and-enlargement/volume-scale-factors.pdf,YES,measurements-and-geometry/similarity-and-enlargement/step-by-step-guide_volume-scale-factors.pdf,YES,YES,YES,YES
Measurements and Geometry,Similarity and Enlargement,Similarity and Enlargement in Real-Life,,Yes,measurements-and-geometry,similarity-and-enlargement,similarity-and-enlargement-in-real-life,,measurements-and-geometry/similarity-and-enlargement/subsec-similarity-and-enlargement-in-real-life.ptx,YES,measurements-and-geometry/similarity-and-enlargement/similarity-and-enlargement-in-real-life.pdf,YES,measurements-and-geometry/similarity-and-enlargement/step-by-step-guide_similarity-and-enlargement-in-real-life.pdf,YES,YES,YES,YES
Measurements and Geometry,Reflection and Congruence,Properties of Symmetry and Reflection,,Yes,measurements-and-geometry,reflection-and-congruence,properties-of-symmetry-and-reflection,,measurements-and-geometry/reflection-and-congruence/subsec-properties-of-symmetry-and-reflection.ptx,YES,measurements-and-geometry/reflection-and-congruence/properties-of-symmetry-and-reflection.pdf,YES,measurements-and-geometry/reflection-and-congruence/step-by-step-guide_properties-of-symmetry-and-reflection.pdf,YES,YES,YES,YES
Measurements and Geometry,Reflection and Congruence,Reflecting Objects,,Yes,measurements-and-geometry,reflection-and-congruence,reflecting-objects,,measurements-and-geometry/reflection-and-congruence/subsec-reflecting-objects.ptx,YES,measurements-and-geometry/reflection-and-congruence/reflecting-objects.pdf,YES,measurements-and-geometry/reflection-and-congruence/step-by-step-guide_reflecting-objects.pdf,YES,YES,YES,YES
Measurements and Geometry,Reflection and Congruence,Equations of Mirror Lines,,Yes,measurements-and-geometry,reflection-and-congruence,equations-of-mirror-lines,,measurements-and-geometry/reflection-and-congruence/subsec-equations-of-mirror-lines.ptx,YES,measurements-and-geometry/reflection-and-congruence/equations-of-mirror-lines.pdf,YES,measurements-and-geometry/reflection-and-congruence/step-by-step-guide_equations-of-mirror-lines.pdf,YES,YES,YES,YES
Measurements and Geometry,Reflection and Congruence,Congruence in Triangles,,Yes,measurements-and-geometry,reflection-and-congruence,congruence-in-triangles,,measurements-and-geometry/reflection-and-congruence/subsec-congruence-in-triangles.ptx,YES,measurements-and-geometry/reflection-and-congruence/congruence-in-triangles.pdf,YES,measurements-and-geometry/reflection-and-congruence/step-by-step-guide_congruence-in-triangles.pdf,YES,YES,YES,YES
Measurements and Geometry,Reflection and Congruence,Reflection and Congruence in Real-Life,,Yes,measurements-and-geometry,reflection-and-congruence,reflection-and-congruence-in-real-life,,measurements-and-geometry/reflection-and-congruence/subsec-reflection-and-congruence-in-real-life.ptx,YES,measurements-and-geometry/reflection-and-congruence/reflection-and-congruence-in-real-life.pdf,YES,measurements-and-geometry/reflection-and-congruence/step-by-step-guide_reflection-and-congruence-in-real-life.pdf,YES,YES,YES,YES
Measurements and Geometry,Rotation,Properties of Rotation,,Yes,measurements-and-geometry,rotation,properties-of-rotation,,measurements-and-geometry/rotation/subsec-properties-of-rotation.ptx,YES,measurements-and-geometry/rotation/properties-of-rotation.pdf,NO,measurements-and-geometry/rotation/step-by-step-guide_properties-of-rotation.pdf,NO,YES,NO,NO
Measurements and Geometry,Rotation,Rotating Objects,,Yes,measurements-and-geometry,rotation,rotating-objects,,measurements-and-geometry/rotation/subsec-rotating-objects.ptx,YES,measurements-and-geometry/rotation/rotating-objects.pdf,NO,measurements-and-geometry/rotation/step-by-step-guide_rotating-objects.pdf,NO,YES,NO,NO
Measurements and Geometry,Rotation,Rotational Symmetry,Rotational Symmetry of Plane Figures,Yes,measurements-and-geometry,rotation,rotational-symmetry,rotational-symmetry-of-plane-figures,measurements-and-geometry/rotation/subsubsec-rotational-symmetry-of-plane-figures.ptx,YES,measurements-and-geometry/rotation/rotational-symmetry-of-plane-figures.pdf,NO,measurements-and-geometry/rotation/step-by-step-guide_rotational-symmetry-of-plane-figures.pdf,NO,YES,NO,NO
Measurements and Geometry,Rotation,Rotational Symmetry,Rotational Symmetry of Solids,Yes,measurements-and-geometry,rotation,rotational-symmetry,rotational-symmetry-of-solids,measurements-and-geometry/rotation/subsubsec-rotational-symmetry-of-solids.ptx,YES,measurements-and-geometry/rotation/rotational-symmetry-of-solids.pdf,NO,measurements-and-geometry/rotation/step-by-step-guide_rotational-symmetry-of-solids.pdf,NO,YES,NO,NO
Measurements and Geometry,Rotation,Rotation and Congruence,,Yes,measurements-and-geometry,rotation,rotation-and-congruence,,measurements-and-geometry/rotation/subsec-rotation-and-congruence.ptx,YES,measurements-and-geometry/rotation/rotation-and-congruence.pdf,NO,measurements-and-geometry/rotation/step-by-step-guide_rotation-and-congruence.pdf,NO,YES,NO,NO
Measurements and Geometry,Rotation,Rotation in Real-Life,,Yes,measurements-and-geometry,rotation,rotation-in-real-life,,measurements-and-geometry/rotation/subsec-rotation-in-real-life.ptx,YES,measurements-and-geometry/rotation/rotation-in-real-life.pdf,NO,measurements-and-geometry/rotation/step-by-step-guide_rotation-in-real-life.pdf,NO,YES,NO,NO
Measurements and Geometry,Trigonometry 1,Sines and Cosines of Acute Angles,,Yes,measurements-and-geometry,trigonometry-1,sines-and-cosines-of-acute-angles,,measurements-and-geometry/trigonometry-1/subsec-sines-and-cosines-of-acute-angles.ptx,YES,measurements-and-geometry/trigonometry-1/sines-and-cosines-of-acute-angles.pdf,NO,measurements-and-geometry/trigonometry-1/step-by-step-guide_sines-and-cosines-of-acute-angles.pdf,NO,YES,NO,NO
Measurements and Geometry,Trigonometry 1,Tangents of Acute Angles,,Yes,measurements-and-geometry,trigonometry-1,tangents-of-acute-angles,,measurements-and-geometry/trigonometry-1/subsec-tangents-of-acute-angles.ptx,YES,measurements-and-geometry/trigonometry-1/tangents-of-acute-angles.pdf,NO,measurements-and-geometry/trigonometry-1/step-by-step-guide_tangents-of-acute-angles.pdf,NO,YES,NO,NO
Measurements and Geometry,Trigonometry 1,Sines and Cosines of Complementary Angles,,Yes,measurements-and-geometry,trigonometry-1,sines-and-cosines-of-complementary-angles,,measurements-and-geometry/trigonometry-1/subsec-sines-and-cosines-of-complementary-angles.ptx,NO,measurements-and-geometry/trigonometry-1/sines-and-cosines-of-complementary-angles.pdf,NO,measurements-and-geometry/trigonometry-1/step-by-step-guide_sines-and-cosines-of-complementary-angles.pdf,NO,NO,NO,NO
Measurements and Geometry,Trigonometry 1,Trigonometric Ratios of Special Angles,Special Angles: 30 and 60 Degrees,Yes,measurements-and-geometry,trigonometry-1,trigonometric-ratios-of-special-angles,special-angles-30-and-60-degrees,measurements-and-geometry/trigonometry-1/subsubsec-special-angles-30-and-60-degrees.ptx,YES,measurements-and-geometry/trigonometry-1/special-angles-30-and-60-degrees.pdf,NO,measurements-and-geometry/trigonometry-1/step-by-step-guide_special-angles-30-and-60-degrees.pdf,NO,YES,NO,NO
Measurements and Geometry,Trigonometry 1,Trigonometric Ratios of Special Angles,"Special Angles: 0, 45, and 90 Degrees",Yes,measurements-and-geometry,trigonometry-1,trigonometric-ratios-of-special-angles,special-angles-0-45-and-90-degrees,measurements-and-geometry/trigonometry-1/subsubsec-special-angles-0-45-and-90-degrees.ptx,NO,measurements-and-geometry/trigonometry-1/special-angles-0-45-and-90-degrees.pdf,NO,measurements-and-geometry/trigonometry-1/step-by-step-guide_special-angles-0-45-and-90-degrees.pdf,NO,NO,NO,NO
Measurements and Geometry,Trigonometry 1,Trigonometry Using Tables and Calculators,,Yes,measurements-and-geometry,trigonometry-1,trigonometry-using-tables-and-calculators,,measurements-and-geometry/trigonometry-1/subsec-trigonometry-using-tables-and-calculators.ptx,YES,measurements-and-geometry/trigonometry-1/trigonometry-using-tables-and-calculators.pdf,NO,measurements-and-geometry/trigonometry-1/step-by-step-guide_trigonometry-using-tables-and-calculators.pdf,NO,YES,NO,NO
Measurements and Geometry,Trigonometry 1,Angles of Elevation and Depression,Angles of Elevation,Yes,measurements-and-geometry,trigonometry-1,angles-of-elevation-and-depression,angles-of-elevation,measurements-and-geometry/trigonometry-1/subsubsec-angles-of-elevation.ptx,YES,measurements-and-geometry/trigonometry-1/angles-of-elevation.pdf,NO,measurements-and-geometry/trigonometry-1/step-by-step-guide_angles-of-elevation.pdf,NO,YES,NO,NO
Measurements and Geometry,Trigonometry 1,Angles of Elevation and Depression,Angles of Depression,Yes,measurements-and-geometry,trigonometry-1,angles-of-elevation-and-depression,angles-of-depression,measurements-and-geometry/trigonometry-1/subsubsec-angles-of-depression.ptx,YES,measurements-and-geometry/trigonometry-1/angles-of-depression.pdf,NO,measurements-and-geometry/trigonometry-1/step-by-step-guide_angles-of-depression.pdf,NO,YES,NO,NO
Measurements and Geometry,Trigonometry 1,Trigonometry in Real-Life,,Yes,measurements-and-geometry,trigonometry-1,trigonometry-in-real-life,,measurements-and-geometry/trigonometry-1/subsec-trigonometry-in-real-life.ptx,YES,measurements-and-geometry/trigonometry-1/trigonometry-in-real-life.pdf,NO,measurements-and-geometry/trigonometry-1/step-by-step-guide_trigonometry-in-real-life.pdf,NO,YES,NO,NO
Measurements and Geometry,Area of Polygons,Area of Triangles,Using Two Sides and an Angle,Yes,measurements-and-geometry,area-of-polygons,area-of-triangles,using-two-sides-and-an-angle,measurements-and-geometry/area-of-polygons/subsubsec-using-two-sides-and-an-angle.ptx,YES,measurements-and-geometry/area-of-polygons/using-two-sides-and-an-angle.pdf,NO,measurements-and-geometry/area-of-polygons/step-by-step-guide_using-two-sides-and-an-angle.pdf,NO,YES,NO,NO
Measurements and Geometry,Area of Polygons,Area of Triangles,Heron's Formula,Yes,measurements-and-geometry,area-of-polygons,area-of-triangles,herons-formula,measurements-and-geometry/area-of-polygons/subsubsec-herons-formula.ptx,YES,measurements-and-geometry/area-of-polygons/herons-formula.pdf,NO,measurements-and-geometry/area-of-polygons/step-by-step-guide_herons-formula.pdf,NO,YES,NO,NO
Measurements and Geometry,Area of Polygons,Area of Quadrilaterals,Area of Squares and Rectangles,Yes,measurements-and-geometry,area-of-polygons,area-of-quadrilaterals,area-of-squares-and-rectangles,measurements-and-geometry/area-of-polygons/subsubsec-area-of-squares-and-rectangles.ptx,YES,measurements-and-geometry/area-of-polygons/area-of-squares-and-rectangles.pdf,NO,measurements-and-geometry/area-of-polygons/step-by-step-guide_area-of-squares-and-rectangles.pdf,NO,YES,NO,NO
Measurements and Geometry,Area of Polygons,Area of Quadrilaterals,Area of Parallelograms,Yes,measurements-and-geometry,area-of-polygons,area-of-quadrilaterals,area-of-parallelograms,measurements-and-geometry/area-of-polygons/subsubsec-area-of-parallelograms.ptx,YES,measurements-and-geometry/area-of-polygons/area-of-parallelograms.pdf,NO,measurements-and-geometry/area-of-polygons/step-by-step-guide_area-of-parallelograms.pdf,NO,YES,NO,NO
Measurements and Geometry,Area of Polygons,Area of Quadrilaterals,Area of Rhombuses,Yes,measurements-and-geometry,area-of-polygons,area-of-quadrilaterals,area-of-rhombuses,measurements-and-geometry/area-of-polygons/subsubsec-area-of-rhombuses.ptx,YES,measurements-and-geometry/area-of-polygons/area-of-rhombuses.pdf,NO,measurements-and-geometry/area-of-polygons/step-by-step-guide_area-of-rhombuses.pdf,NO,YES,NO,NO
Measurements and Geometry,Area of Polygons,Area of Quadrilaterals,Area of Trapeziums,Yes,measurements-and-geometry,area-of-polygons,area-of-quadrilaterals,area-of-trapeziums,measurements-and-geometry/area-of-polygons/subsubsec-area-of-trapeziums.ptx,YES,measurements-and-geometry/area-of-polygons/area-of-trapeziums.pdf,NO,measurements-and-geometry/area-of-polygons/step-by-step-guide_area-of-trapeziums.pdf,NO,YES,NO,NO
Measurements and Geometry,Area of Polygons,Area of Quadrilaterals,Area of Kites,Yes,measurements-and-geometry,area-of-polygons,area-of-quadrilaterals,area-of-kites,measurements-and-geometry/area-of-polygons/subsubsec-area-of-kites.ptx,YES,measurements-and-geometry/area-of-polygons/area-of-kites.pdf,NO,measurements-and-geometry/area-of-polygons/step-by-step-guide_area-of-kites.pdf,NO,YES,NO,NO
Measurements and Geometry,Area of Polygons,Area of Regular Polygons,Area of Heptagons,Yes,measurements-and-geometry,area-of-polygons,area-of-regular-polygons,area-of-heptagons,measurements-and-geometry/area-of-polygons/subsubsec-area-of-heptagons.ptx,YES,measurements-and-geometry/area-of-polygons/area-of-heptagons.pdf,NO,measurements-and-geometry/area-of-polygons/step-by-step-guide_area-of-heptagons.pdf,NO,YES,NO,NO
Measurements and Geometry,Area of Polygons,Area of Regular Polygons,Area of Octogons,Yes,measurements-and-geometry,area-of-polygons,area-of-regular-polygons,area-of-octogons,measurements-and-geometry/area-of-polygons/subsubsec-area-of-octogons.ptx,NO,measurements-and-geometry/area-of-polygons/area-of-octogons.pdf,NO,measurements-and-geometry/area-of-polygons/step-by-step-guide_area-of-octogons.pdf,NO,NO,NO,NO
Measurements and Geometry,Area of Polygons,Area of Regular Polygons,Area of Nonagons,Extension,measurements-and-geometry,area-of-polygons,area-of-regular-polygons,area-of-nonagons,measurements-and-geometry/area-of-polygons/subsubsec-area-of-nonagons.ptx,NO,measurements-and-geometry/area-of-polygons/area-of-nonagons.pdf,EXTENSION,measurements-and-geometry/area-of-polygons/step-by-step-guide_area-of-nonagons.pdf,EXTENSION,NO,EXTENSION,EXTENSION
Measurements and Geometry,Area of Polygons,Area of Regular Polygons,Area of Decagons,Extension,measurements-and-geometry,area-of-polygons,area-of-regular-polygons,area-of-decagons,measurements-and-geometry/area-of-polygons/subsubsec-area-of-decagons.ptx,NO,measurements-and-geometry/area-of-polygons/area-of-decagons.pdf,EXTENSION,measurements-and-geometry/area-of-polygons/step-by-step-guide_area-of-decagons.pdf,EXTENSION,NO,EXTENSION,EXTENSION
Measurements and Geometry,Area of Polygons,Area of Irregular Polygons,,Yes,measurements-and-geometry,area-of-polygons,area-of-irregular-polygons,,measurements-and-geometry/area-of-polygons/subsec-area-of-irregular-polygons.ptx,YES,measurements-and-geometry/area-of-polygons/area-of-irregular-polygons.pdf,NO,measurements-and-geometry/area-of-polygons/step-by-step-guide_area-of-irregular-polygons.pdf,NO,YES,NO,NO
Measurements and Geometry,Area of Polygons,Area of Polygons in Real-Life,,Yes,measurements-and-geometry,area-of-polygons,area-of-polygons-in-real-life,,measurements-and-geometry/area-of-polygons/subsec-area-of-polygons-in-real-life.ptx,YES,measurements-and-geometry/area-of-polygons/area-of-polygons-in-real-life.pdf,NO,measurements-and-geometry/area-of-polygons/step-by-step-guide_area-of-polygons-in-real-life.pdf,NO,YES,NO,NO
Measurements and Geometry,Area of a Part of a Circle,Area of an Annulus,,Yes,measurements-and-geometry,area-of-a-part-of-a-circle,area-of-an-annulus,,measurements-and-geometry/area-of-a-part-of-a-circle/subsec-area-of-an-annulus.ptx,YES,measurements-and-geometry/area-of-a-part-of-a-circle/area-of-an-annulus.pdf,NO,measurements-and-geometry/area-of-a-part-of-a-circle/step-by-step-guide_area-of-an-annulus.pdf,NO,YES,NO,NO
Measurements and Geometry,Area of a Part of a Circle,Area of Sectors,,Yes,measurements-and-geometry,area-of-a-part-of-a-circle,area-of-sectors,,measurements-and-geometry/area-of-a-part-of-a-circle/subsec-area-of-sectors.ptx,YES,measurements-and-geometry/area-of-a-part-of-a-circle/area-of-sectors.pdf,NO,measurements-and-geometry/area-of-a-part-of-a-circle/step-by-step-guide_area-of-sectors.pdf,NO,YES,NO,NO
Measurements and Geometry,Area of a Part of a Circle,Area of Annular Sectors,,Yes,measurements-and-geometry,area-of-a-part-of-a-circle,area-of-annular-sectors,,measurements-and-geometry/area-of-a-part-of-a-circle/subsec-area-of-annular-sectors.ptx,YES,measurements-and-geometry/area-of-a-part-of-a-circle/area-of-annular-sectors.pdf,NO,measurements-and-geometry/area-of-a-part-of-a-circle/step-by-step-guide_area-of-annular-sectors.pdf,NO,YES,NO,NO
Measurements and Geometry,Area of a Part of a Circle,Area of Segments,,Yes,measurements-and-geometry,area-of-a-part-of-a-circle,area-of-segments,,measurements-and-geometry/area-of-a-part-of-a-circle/subsec-area-of-segments.ptx,YES,measurements-and-geometry/area-of-a-part-of-a-circle/area-of-segments.pdf,NO,measurements-and-geometry/area-of-a-part-of-a-circle/step-by-step-guide_area-of-segments.pdf,NO,YES,NO,NO
Measurements and Geometry,Area of a Part of a Circle,Area of Common Regions Between Circles,,Yes,measurements-and-geometry,area-of-a-part-of-a-circle,area-of-common-regions-between-circles,,measurements-and-geometry/area-of-a-part-of-a-circle/subsec-area-of-common-regions-between-circles.ptx,YES,measurements-and-geometry/area-of-a-part-of-a-circle/area-of-common-regions-between-circles.pdf,NO,measurements-and-geometry/area-of-a-part-of-a-circle/step-by-step-guide_area-of-common-regions-between-circles.pdf,NO,YES,NO,NO
Measurements and Geometry,Area of a Part of a Circle,Area of a Part of a Circle in Real-Life,,Yes,measurements-and-geometry,area-of-a-part-of-a-circle,area-of-a-part-of-a-circle-in-real-life,,measurements-and-geometry/area-of-a-part-of-a-circle/subsec-area-of-a-part-of-a-circle-in-real-life.ptx,YES,measurements-and-geometry/area-of-a-part-of-a-circle/area-of-a-part-of-a-circle-in-real-life.pdf,NO,measurements-and-geometry/area-of-a-part-of-a-circle/step-by-step-guide_area-of-a-part-of-a-circle-in-real-life.pdf,NO,YES,NO,NO
Measurements and Geometry,Surface Area,Surface Area of Prisms,,Yes,measurements-and-geometry,surface-area,surface-area-of-prisms,,measurements-and-geometry/surface-area/subsec-surface-area-of-prisms.ptx,YES,measurements-and-geometry/surface-area/surface-area-of-prisms.pdf,NO,measurements-and-geometry/surface-area/step-by-step-guide_surface-area-of-prisms.pdf,NO,YES,NO,NO
Measurements and Geometry,Surface Area,Surface Area of Cubes and Cuboids,,Extension,measurements-and-geometry,surface-area,surface-area-of-cubes-and-cuboids,,measurements-and-geometry/surface-area/subsec-surface-area-of-cubes-and-cuboids.ptx,NO,measurements-and-geometry/surface-area/surface-area-of-cubes-and-cuboids.pdf,EXTENSION,measurements-and-geometry/surface-area/step-by-step-guide_surface-area-of-cubes-and-cuboids.pdf,EXTENSION,NO,EXTENSION,EXTENSION
Measurements and Geometry,Surface Area,Surface Area of Cylinders,,Extension,measurements-and-geometry,surface-area,surface-area-of-cylinders,,measurements-and-geometry/surface-area/subsec-surface-area-of-cylinders.ptx,YES,measurements-and-geometry/surface-area/surface-area-of-cylinders.pdf,EXTENSION,measurements-and-geometry/surface-area/step-by-step-guide_surface-area-of-cylinders.pdf,EXTENSION,YES,EXTENSION,EXTENSION
Measurements and Geometry,Surface Area,Surface Area of Pyramids,,Yes,measurements-and-geometry,surface-area,surface-area-of-pyramids,,measurements-and-geometry/surface-area/subsec-surface-area-of-pyramids.ptx,YES,measurements-and-geometry/surface-area/surface-area-of-pyramids.pdf,NO,measurements-and-geometry/surface-area/step-by-step-guide_surface-area-of-pyramids.pdf,NO,YES,NO,NO
Measurements and Geometry,Surface Area,Surface Area of Cones,,Yes,measurements-and-geometry,surface-area,surface-area-of-cones,,measurements-and-geometry/surface-area/subsec-surface-area-of-cones.ptx,YES,measurements-and-geometry/surface-area/surface-area-of-cones.pdf,NO,measurements-and-geometry/surface-area/step-by-step-guide_surface-area-of-cones.pdf,NO,YES,NO,NO
Measurements and Geometry,Surface Area,Surface Area of Frustums,,Yes,measurements-and-geometry,surface-area,surface-area-of-frustums,,measurements-and-geometry/surface-area/subsec-surface-area-of-frustums.ptx,YES,measurements-and-geometry/surface-area/surface-area-of-frustums.pdf,NO,measurements-and-geometry/surface-area/step-by-step-guide_surface-area-of-frustums.pdf,NO,YES,NO,NO
Measurements and Geometry,Surface Area,Surface Area of Spheres,,Yes,measurements-and-geometry,surface-area,surface-area-of-spheres,,measurements-and-geometry/surface-area/subsec-surface-area-of-spheres.ptx,YES,measurements-and-geometry/surface-area/surface-area-of-spheres.pdf,NO,measurements-and-geometry/surface-area/step-by-step-guide_surface-area-of-spheres.pdf,NO,YES,NO,NO
Measurements and Geometry,Surface Area,Surface Area of Composite Solids,,Yes,measurements-and-geometry,surface-area,surface-area-of-composite-solids,,measurements-and-geometry/surface-area/subsec-surface-area-of-composite-solids.ptx,YES,measurements-and-geometry/surface-area/surface-area-of-composite-solids.pdf,NO,measurements-and-geometry/surface-area/step-by-step-guide_surface-area-of-composite-solids.pdf,NO,YES,NO,NO
Measurements and Geometry,Surface Area,Surface Area in Real-Life,,Yes,measurements-and-geometry,surface-area,surface-area-in-real-life,,measurements-and-geometry/surface-area/subsec-surface-area-in-real-life.ptx,YES,measurements-and-geometry/surface-area/surface-area-in-real-life.pdf,NO,measurements-and-geometry/surface-area/step-by-step-guide_surface-area-in-real-life.pdf,NO,YES,NO,NO
Measurements and Geometry,Volume,Volume of Prisms,,Yes,measurements-and-geometry,volume,volume-of-prisms,,measurements-and-geometry/volume/subsec-volume-of-prisms.ptx,YES,measurements-and-geometry/volume/volume-of-prisms.pdf,NO,measurements-and-geometry/volume/step-by-step-guide_volume-of-prisms.pdf,NO,YES,NO,NO
Measurements and Geometry,Volume,Volume of Cubes and Cuboids,,Extension,measurements-and-geometry,volume,volume-of-cubes-and-cuboids,,measurements-and-geometry/volume/subsec-volume-of-cubes-and-cuboids.ptx,NO,measurements-and-geometry/volume/volume-of-cubes-and-cuboids.pdf,EXTENSION,measurements-and-geometry/volume/step-by-step-guide_volume-of-cubes-and-cuboids.pdf,EXTENSION,NO,EXTENSION,EXTENSION
Measurements and Geometry,Volume,Volume of Cylinders,,Extension,measurements-and-geometry,volume,volume-of-cylinders,,measurements-and-geometry/volume/subsec-volume-of-cylinders.ptx,YES,measurements-and-geometry/volume/volume-of-cylinders.pdf,EXTENSION,measurements-and-geometry/volume/step-by-step-guide_volume-of-cylinders.pdf,EXTENSION,YES,EXTENSION,EXTENSION
Measurements and Geometry,Volume,Volume of Pyramids,,Yes,measurements-and-geometry,volume,volume-of-pyramids,,measurements-and-geometry/volume/subsec-volume-of-pyramids.ptx,YES,measurements-and-geometry/volume/volume-of-pyramids.pdf,NO,measurements-and-geometry/volume/step-by-step-guide_volume-of-pyramids.pdf,NO,YES,NO,NO
Measurements and Geometry,Volume,Volume of Cones,,Yes,measurements-and-geometry,volume,volume-of-cones,,measurements-and-geometry/volume/subsec-volume-of-cones.ptx,YES,measurements-and-geometry/volume/volume-of-cones.pdf,NO,measurements-and-geometry/volume/step-by-step-guide_volume-of-cones.pdf,NO,YES,NO,NO
Measurements and Geometry,Volume,Volume of Frustums,,Yes,measurements-and-geometry,volume,volume-of-frustums,,measurements-and-geometry/volume/subsec-volume-of-frustums.ptx,YES,measurements-and-geometry/volume/volume-of-frustums.pdf,NO,measurements-and-geometry/volume/step-by-step-guide_volume-of-frustums.pdf,NO,YES,NO,NO
Measurements and Geometry,Volume,Volume of Spheres,,Yes,measurements-and-geometry,volume,volume-of-spheres,,measurements-and-geometry/volume/subsec-volume-of-spheres.ptx,YES,measurements-and-geometry/volume/volume-of-spheres.pdf,NO,measurements-and-geometry/volume/step-by-step-guide_volume-of-spheres.pdf,NO,YES,NO,NO
Measurements and Geometry,Volume,Volume of Composite Solids,,Yes,measurements-and-geometry,volume,volume-of-composite-solids,,measurements-and-geometry/volume/subsec-volume-of-composite-solids.ptx,YES,measurements-and-geometry/volume/volume-of-composite-solids.pdf,NO,measurements-and-geometry/volume/step-by-step-guide_volume-of-composite-solids.pdf,NO,YES,NO,NO
Measurements and Geometry,Volume,Volume in Real-Life,,Yes,measurements-and-geometry,volume,volume-in-real-life,,measurements-and-geometry/volume/subsec-volume-in-real-life.ptx,YES,measurements-and-geometry/volume/volume-in-real-life.pdf,NO,measurements-and-geometry/volume/step-by-step-guide_volume-in-real-life.pdf,NO,YES,NO,NO
Measurements and Geometry,Vectors 1,Vector and Scalar Quantities,,Yes,measurements-and-geometry,vectors-1,vector-and-scalar-quantities,,measurements-and-geometry/vectors-1/subsec-vector-and-scalar-quantities.ptx,YES,measurements-and-geometry/vectors-1/vector-and-scalar-quantities.pdf,NO,measurements-and-geometry/vectors-1/step-by-step-guide_vector-and-scalar-quantities.pdf,NO,YES,NO,NO
Measurements and Geometry,Vectors 1,Representing Vectors,Representing Vectors Geometrically,Yes,measurements-and-geometry,vectors-1,representing-vectors,representing-vectors-geometrically,measurements-and-geometry/vectors-1/subsubsec-representing-vectors-geometrically.ptx,YES,measurements-and-geometry/vectors-1/representing-vectors-geometrically.pdf,NO,measurements-and-geometry/vectors-1/step-by-step-guide_representing-vectors-geometrically.pdf,NO,YES,NO,NO
Measurements and Geometry,Vectors 1,Representing Vectors,Column Vectors,Yes,measurements-and-geometry,vectors-1,representing-vectors,column-vectors,measurements-and-geometry/vectors-1/subsubsec-column-vectors.ptx,YES,measurements-and-geometry/vectors-1/column-vectors.pdf,NO,measurements-and-geometry/vectors-1/step-by-step-guide_column-vectors.pdf,NO,YES,NO,NO
Measurements and Geometry,Vectors 1,Representing Vectors,Position Vectors,Yes,measurements-and-geometry,vectors-1,representing-vectors,position-vectors,measurements-and-geometry/vectors-1/subsubsec-position-vectors.ptx,YES,measurements-and-geometry/vectors-1/position-vectors.pdf,NO,measurements-and-geometry/vectors-1/step-by-step-guide_position-vectors.pdf,NO,YES,NO,NO
Measurements and Geometry,Vectors 1,Magnitudes of Vectors,,Yes,measurements-and-geometry,vectors-1,magnitudes-of-vectors,,measurements-and-geometry/vectors-1/subsec-magnitudes-of-vectors.ptx,YES,measurements-and-geometry/vectors-1/magnitudes-of-vectors.pdf,NO,measurements-and-geometry/vectors-1/step-by-step-guide_magnitudes-of-vectors.pdf,NO,YES,NO,NO
Measurements and Geometry,Vectors 1,Midpoints of Vectors,,Yes,measurements-and-geometry,vectors-1,midpoints-of-vectors,,measurements-and-geometry/vectors-1/subsec-midpoints-of-vectors.ptx,YES,measurements-and-geometry/vectors-1/midpoints-of-vectors.pdf,NO,measurements-and-geometry/vectors-1/step-by-step-guide_midpoints-of-vectors.pdf,NO,YES,NO,NO
Measurements and Geometry,Vectors 1,Manipulating Vectors,Adding Vectors,Yes,measurements-and-geometry,vectors-1,manipulating-vectors,adding-vectors,measurements-and-geometry/vectors-1/subsubsec-adding-vectors.ptx,YES,measurements-and-geometry/vectors-1/adding-vectors.pdf,NO,measurements-and-geometry/vectors-1/step-by-step-guide_adding-vectors.pdf,NO,YES,NO,NO
Measurements and Geometry,Vectors 1,Manipulating Vectors,Multiplying Vectors by Scalars,Yes,measurements-and-geometry,vectors-1,manipulating-vectors,multiplying-vectors-by-scalars,measurements-and-geometry/vectors-1/subsubsec-multiplying-vectors-by-scalars.ptx,YES,measurements-and-geometry/vectors-1/multiplying-vectors-by-scalars.pdf,NO,measurements-and-geometry/vectors-1/step-by-step-guide_multiplying-vectors-by-scalars.pdf,NO,YES,NO,NO
Measurements and Geometry,Vectors 1,Manipulating Vectors,Translating Vectors,Yes,measurements-and-geometry,vectors-1,manipulating-vectors,translating-vectors,measurements-and-geometry/vectors-1/subsubsec-translating-vectors.ptx,YES,measurements-and-geometry/vectors-1/translating-vectors.pdf,NO,measurements-and-geometry/vectors-1/step-by-step-guide_translating-vectors.pdf,NO,YES,NO,NO
Measurements and Geometry,Vectors 1,Manipulating Vectors,Equivalent Vectors,Yes,measurements-and-geometry,vectors-1,manipulating-vectors,equivalent-vectors,measurements-and-geometry/vectors-1/subsubsec-equivalent-vectors.ptx,YES,measurements-and-geometry/vectors-1/equivalent-vectors.pdf,NO,measurements-and-geometry/vectors-1/step-by-step-guide_equivalent-vectors.pdf,NO,YES,NO,NO
Measurements and Geometry,Vectors 1,Vectors in Real-Life,,Yes,measurements-and-geometry,vectors-1,vectors-in-real-life,,measurements-and-geometry/vectors-1/subsec-vectors-in-real-life.ptx,YES,measurements-and-geometry/vectors-1/vectors-in-real-life.pdf,NO,measurements-and-geometry/vectors-1/step-by-step-guide_vectors-in-real-life.pdf,NO,YES,NO,NO
Measurements and Geometry,Linear Motion,Distance and Displacement,,Yes,measurements-and-geometry,linear-motion,distance-and-displacement,,measurements-and-geometry/linear-motion/subsec-distance-and-displacement.ptx,YES,measurements-and-geometry/linear-motion/distance-and-displacement.pdf,NO,measurements-and-geometry/linear-motion/step-by-step-guide_distance-and-displacement.pdf,NO,YES,NO,NO
Measurements and Geometry,Linear Motion,Speed and Velocity,,Yes,measurements-and-geometry,linear-motion,speed-and-velocity,,measurements-and-geometry/linear-motion/subsec-speed-and-velocity.ptx,YES,measurements-and-geometry/linear-motion/speed-and-velocity.pdf,NO,measurements-and-geometry/linear-motion/step-by-step-guide_speed-and-velocity.pdf,NO,YES,NO,NO
Measurements and Geometry,Linear Motion,Relative Speeds,Relative Speeds of Objects Moving in the Same Direction,Yes,measurements-and-geometry,linear-motion,relative-speeds,relative-speeds-of-objects-moving-in-the-same-direction,measurements-and-geometry/linear-motion/subsubsec-relative-speeds-of-objects-moving-in-the-same-direction.ptx,YES,measurements-and-geometry/linear-motion/relative-speeds-of-objects-moving-in-the-same-direction.pdf,NO,measurements-and-geometry/linear-motion/step-by-step-guide_relative-speeds-of-objects-moving-in-the-same-direction.pdf,NO,YES,NO,NO
Measurements and Geometry,Linear Motion,Relative Speeds,Relative Speeds of Objects Moving in Different Directions,Yes,measurements-and-geometry,linear-motion,relative-speeds,relative-speeds-of-objects-moving-in-different-directions,measurements-and-geometry/linear-motion/subsubsec-relative-speeds-of-objects-moving-in-different-directions.ptx,YES,measurements-and-geometry/linear-motion/relative-speeds-of-objects-moving-in-different-directions.pdf,NO,measurements-and-geometry/linear-motion/step-by-step-guide_relative-speeds-of-objects-moving-in-different-directions.pdf,NO,YES,NO,NO
Measurements and Geometry,Linear Motion,Acceleration,,Yes,measurements-and-geometry,linear-motion,acceleration,,measurements-and-geometry/linear-motion/subsec-acceleration.ptx,YES,measurements-and-geometry/linear-motion/acceleration.pdf,NO,measurements-and-geometry/linear-motion/step-by-step-guide_acceleration.pdf,NO,YES,NO,NO
Measurements and Geometry,Linear Motion,Displacement-Time Graphs,,Yes,measurements-and-geometry,linear-motion,displacement-time-graphs,,measurements-and-geometry/linear-motion/subsec-displacement-time-graphs.ptx,YES,measurements-and-geometry/linear-motion/displacement-time-graphs.pdf,NO,measurements-and-geometry/linear-motion/step-by-step-guide_displacement-time-graphs.pdf,NO,YES,NO,NO
Measurements and Geometry,Linear Motion,Velocity-Time Graphs,,Yes,measurements-and-geometry,linear-motion,velocity-time-graphs,,measurements-and-geometry/linear-motion/subsec-velocity-time-graphs.ptx,YES,measurements-and-geometry/linear-motion/velocity-time-graphs.pdf,NO,measurements-and-geometry/linear-motion/step-by-step-guide_velocity-time-graphs.pdf,NO,YES,NO,NO
Measurements and Geometry,Linear Motion,Linear Motion in Real-Life,,Yes,measurements-and-geometry,linear-motion,linear-motion-in-real-life,,measurements-and-geometry/linear-motion/subsec-linear-motion-in-real-life.ptx,YES,measurements-and-geometry/linear-motion/linear-motion-in-real-life.pdf,NO,measurements-and-geometry/linear-motion/step-by-step-guide_linear-motion-in-real-life.pdf,NO,YES,NO,NO
Statistics and Probability,Statistics 1,Introduction to Statistics,Sources of Data,Yes,statistics-and-probability,statistics-1,introduction-to-statistics,sources-of-data,statistics-and-probability/statistics-1/subsubsec-sources-of-data.ptx,YES,statistics-and-probability/statistics-1/sources-of-data.pdf,NO,statistics-and-probability/statistics-1/step-by-step-guide_sources-of-data.pdf,NO,YES,NO,NO
Statistics and Probability,Statistics 1,Introduction to Statistics,Methods of Data Collection,Yes,statistics-and-probability,statistics-1,introduction-to-statistics,methods-of-data-collection,statistics-and-probability/statistics-1/subsubsec-methods-of-data-collection.ptx,YES,statistics-and-probability/statistics-1/methods-of-data-collection.pdf,NO,statistics-and-probability/statistics-1/step-by-step-guide_methods-of-data-collection.pdf,NO,YES,NO,NO
Statistics and Probability,Statistics 1,Ungrouped Data,Frequency Distribution Tables,Yes,statistics-and-probability,statistics-1,ungrouped-data,frequency-distribution-tables,statistics-and-probability/statistics-1/subsubsec-frequency-distribution-tables.ptx,YES,statistics-and-probability/statistics-1/frequency-distribution-tables.pdf,NO,statistics-and-probability/statistics-1/step-by-step-guide_frequency-distribution-tables.pdf,NO,YES,NO,NO
Statistics and Probability,Statistics 1,Ungrouped Data,Mean,Yes,statistics-and-probability,statistics-1,ungrouped-data,mean,statistics-and-probability/statistics-1/subsubsec-mean.ptx,YES,statistics-and-probability/statistics-1/mean.pdf,NO,statistics-and-probability/statistics-1/step-by-step-guide_mean.pdf,NO,YES,NO,NO
Statistics and Probability,Statistics 1,Ungrouped Data,Median,Yes,statistics-and-probability,statistics-1,ungrouped-data,median,statistics-and-probability/statistics-1/subsubsec-median.ptx,YES,statistics-and-probability/statistics-1/median.pdf,NO,statistics-and-probability/statistics-1/step-by-step-guide_median.pdf,NO,YES,NO,NO
Statistics and Probability,Statistics 1,Ungrouped Data,Mode,Yes,statistics-and-probability,statistics-1,ungrouped-data,mode,statistics-and-probability/statistics-1/subsubsec-mode.ptx,YES,statistics-and-probability/statistics-1/mode.pdf,NO,statistics-and-probability/statistics-1/step-by-step-guide_mode.pdf,NO,YES,NO,NO
Statistics and Probability,Statistics 1,Grouped Data,Frequency Distribution Tables (Grouped),Yes,statistics-and-probability,statistics-1,grouped-data,frequency-distribution-tables-(grouped),statistics-and-probability/statistics-1/subsubsec-frequency-distribution-tables-(grouped).ptx,NO,statistics-and-probability/statistics-1/frequency-distribution-tables-(grouped).pdf,NO,statistics-and-probability/statistics-1/step-by-step-guide_frequency-distribution-tables-(grouped).pdf,NO,NO,NO,NO
Statistics and Probability,Statistics 1,Grouped Data,Mean (Grouped),Yes,statistics-and-probability,statistics-1,grouped-data,mean-(grouped),statistics-and-probability/statistics-1/subsubsec-mean-(grouped).ptx,NO,statistics-and-probability/statistics-1/mean-(grouped).pdf,NO,statistics-and-probability/statistics-1/step-by-step-guide_mean-(grouped).pdf,NO,NO,NO,NO
Statistics and Probability,Statistics 1,Grouped Data,Median (Grouped),Yes,statistics-and-probability,statistics-1,grouped-data,median-(grouped),statistics-and-probability/statistics-1/subsubsec-median-(grouped).ptx,NO,statistics-and-probability/statistics-1/median-(grouped).pdf,NO,statistics-and-probability/statistics-1/step-by-step-guide_median-(grouped).pdf,NO,NO,NO,NO
Statistics and Probability,Statistics 1,Grouped Data,Mode (Grouped),Yes,statistics-and-probability,statistics-1,grouped-data,mode-(grouped),statistics-and-probability/statistics-1/subsubsec-mode-(grouped).ptx,NO,statistics-and-probability/statistics-1/mode-(grouped).pdf,NO,statistics-and-probability/statistics-1/step-by-step-guide_mode-(grouped).pdf,NO,NO,NO,NO
Statistics and Probability,Statistics 1,Histograms and Frequency Polygons,,Yes,statistics-and-probability,statistics-1,histograms-and-frequency-polygons,,statistics-and-probability/statistics-1/subsec-histograms-and-frequency-polygons.ptx,YES,statistics-and-probability/statistics-1/histograms-and-frequency-polygons.pdf,NO,statistics-and-probability/statistics-1/step-by-step-guide_histograms-and-frequency-polygons.pdf,NO,YES,NO,NO
Statistics and Probability,Statistics 1,Interpretation of Data,,Yes,statistics-and-probability,statistics-1,interpretation-of-data,,statistics-and-probability/statistics-1/subsec-interpretation-of-data.ptx,YES,statistics-and-probability/statistics-1/interpretation-of-data.pdf,NO,statistics-and-probability/statistics-1/step-by-step-guide_interpretation-of-data.pdf,NO,YES,NO,NO
Statistics and Probability,Statistics 1,Statistics in Real-Life,,Yes,statistics-and-probability,statistics-1,statistics-in-real-life,,statistics-and-probability/statistics-1/subsec-statistics-in-real-life.ptx,YES,statistics-and-probability/statistics-1/statistics-in-real-life.pdf,NO,statistics-and-probability/statistics-1/step-by-step-guide_statistics-in-real-life.pdf,NO,YES,NO,NO
Statistics and Probability,Probability 1,Introduction to Probability,,Yes,statistics-and-probability,probability-1,introduction-to-probability,,statistics-and-probability/probability-1/subsec-introduction-to-probability.ptx,YES,statistics-and-probability/probability-1/introduction-to-probability.pdf,NO,statistics-and-probability/probability-1/step-by-step-guide_introduction-to-probability.pdf,NO,YES,NO,NO
Statistics and Probability,Probability 1,Probability Spaces,,Yes,statistics-and-probability,probability-1,probability-spaces,,statistics-and-probability/probability-1/subsec-probability-spaces.ptx,YES,statistics-and-probability/probability-1/probability-spaces.pdf,NO,statistics-and-probability/probability-1/step-by-step-guide_probability-spaces.pdf,NO,YES,NO,NO
Statistics and Probability,Probability 1,Mutually Exclusive Events,,Yes,statistics-and-probability,probability-1,mutually-exclusive-events,,statistics-and-probability/probability-1/subsec-mutually-exclusive-events.ptx,YES,statistics-and-probability/probability-1/mutually-exclusive-events.pdf,NO,statistics-and-probability/probability-1/step-by-step-guide_mutually-exclusive-events.pdf,NO,YES,NO,NO
Statistics and Probability,Probability 1,Independent Events,,Yes,statistics-and-probability,probability-1,independent-events,,statistics-and-probability/probability-1/subsec-independent-events.ptx,YES,statistics-and-probability/probability-1/independent-events.pdf,NO,statistics-and-probability/probability-1/step-by-step-guide_independent-events.pdf,NO,YES,NO,NO
Statistics and Probability,Probability 1,Laws of Probability,Addition Rule,Yes,statistics-and-probability,probability-1,laws-of-probability,addition-rule,statistics-and-probability/probability-1/subsubsec-addition-rule.ptx,YES,statistics-and-probability/probability-1/addition-rule.pdf,NO,statistics-and-probability/probability-1/step-by-step-guide_addition-rule.pdf,NO,YES,NO,NO
Statistics and Probability,Probability 1,Laws of Probability,Multiplication Rule,Yes,statistics-and-probability,probability-1,laws-of-probability,multiplication-rule,statistics-and-probability/probability-1/subsubsec-multiplication-rule.ptx,YES,statistics-and-probability/probability-1/multiplication-rule.pdf,NO,statistics-and-probability/probability-1/step-by-step-guide_multiplication-rule.pdf,NO,YES,NO,NO
Statistics and Probability,Probability 1,Probability Using Tree Diagrams,Binary Tree Diagrams,Yes,statistics-and-probability,probability-1,probability-using-tree-diagrams,binary-tree-diagrams,statistics-and-probability/probability-1/subsubsec-binary-tree-diagrams.ptx,YES,statistics-and-probability/probability-1/binary-tree-diagrams.pdf,NO,statistics-and-probability/probability-1/step-by-step-guide_binary-tree-diagrams.pdf,NO,YES,NO,NO
Statistics and Probability,Probability 1,Probability Using Tree Diagrams,Larger Tree Diagrams,Yes,statistics-and-probability,probability-1,probability-using-tree-diagrams,larger-tree-diagrams,statistics-and-probability/probability-1/subsubsec-larger-tree-diagrams.ptx,YES,statistics-and-probability/probability-1/larger-tree-diagrams.pdf,NO,statistics-and-probability/probability-1/step-by-step-guide_larger-tree-diagrams.pdf,NO,YES,NO,NO
Statistics and Probability,Probability 1,Probability in Real-Life,,Yes,statistics-and-probability,probability-1,probability-in-real-life,,statistics-and-probability/probability-1/subsec-probability-in-real-life.ptx,YES,statistics-and-probability/probability-1/probability-in-real-life.pdf,NO,statistics-and-probability/probability-1/step-by-step-guide_probability-in-real-life.pdf,NO,YES,NO,NO
