Chapter,Section,Subsection,Subsubsection,In Syllabus,PTX Path,Stack Count,Stack Q1,Stack Q2,Stack Q3,Stack Q4,Stack Q5
Numbers and Algebra,Real Numbers,Classification of Numbers,Even and Odd Numbers,Yes,numbers-and-algebra/real-numbers/subsubsec-even-and-odd-numbers.ptx,1,"stack/top/1-0-Numbers-Algebra/Real-Numbers/Classifying-whole-numbers-as-odd,-even,-prime-and-composite-in-d/Classifying-numbers-as-even-or-odd.xml",,,,
Numbers and Algebra,Real Numbers,Classification of Numbers,Prime and Composite Numbers,Yes,numbers-and-algebra/real-numbers/subsubsec-prime-and-composite-numbers.ptx,2,"stack/top/1-0-Numbers-Algebra/Real-Numbers/Classifying-whole-numbers-as-odd,-even,-prime-and-composite-in-d/Classification-of-prime-and-composite-numbers-from-a-given-list.xml","stack/top/1-0-Numbers-Algebra/Real-Numbers/Classifying-whole-numbers-as-odd,-even,-prime-and-composite-in-d/Classifying-a-given-number-as-odd,-even,-prime-or-composite.xml",,,
Numbers and Algebra,Real Numbers,Classification of Numbers,Rational and Irrational Numbers,Yes,numbers-and-algebra/real-numbers/subsubsec-rational-and-irrational-numbers.ptx,2,stack/top/1-0-Numbers-Algebra/Real-Numbers/Classifying-real-numbers-as-rational-and-irrational-in-different/Classifying-given-numbers-as-irrational.xml,stack/top/1-0-Numbers-Algebra/Real-Numbers/Classifying-real-numbers-as-rational-and-irrational-in-different/Classifying-rational-numbers-given-a-list-of-real-numbers.xml,,,
Numbers and Algebra,Real Numbers,Reciprocals of Numbers,Reciprocals using Division,Yes,numbers-and-algebra/real-numbers/subsubsec-reciprocals-using-division.ptx,3,stack/top/1-0-Numbers-Algebra/Real-Numbers/Finding-reciprocals-of-real-numbers-using-division/Using-division-to-find-reciprocal-of-the-given-numbers.xml,stack/top/1-0-Numbers-Algebra/Real-Numbers/Finding-reciprocals-of-real-numbers-using-division/Finding-the-value-of-a-number-given-a-reciprocal.xml,stack/top/1-0-Numbers-Algebra/Real-Numbers/Finding-reciprocals-of-real-numbers-using-division/Finding-the-value-of-unknown-number-given-the-sum-of-the-number-.xml,,
Numbers and Algebra,Real Numbers,Reciprocals of Numbers,Reciprocals Using Tables and Calculators,Yes,numbers-and-algebra/real-numbers/subsubsec-reciprocals-using-tables-and-calculators.ptx,4,stack/top/1-0-Numbers-Algebra/Real-Numbers/Finding-reciprocals-of-numbers-using-mathematical-tables/Finding-the-reciprocal-of-decimal-numbers-using-a-table-of-recip.xml,stack/top/1-0-Numbers-Algebra/Real-Numbers/Finding-reciprocals-of-numbers-using-mathematical-tables/Application-of-reciprocals---period-of-a-pendulum.xml,stack/top/1-0-Numbers-Algebra/Real-Numbers/Finding-reciprocals-using-a-calculator/Using-a-calculator-to-find-the-reciprocal-of-a-number.xml,stack/top/1-0-Numbers-Algebra/Real-Numbers/Finding-reciprocals-using-a-calculator/Finding-reciprocals-of-rational-and-irrational-numbers-using-a-c.xml,
Numbers and Algebra,Real Numbers,Reciprocals of Numbers,Using Reciprocals,Yes,numbers-and-algebra/real-numbers/subsubsec-using-reciprocals.ptx,2,stack/top/1-0-Numbers-Algebra/Real-Numbers/Using-reciprocals-of-real-numbers-in-mathematical-computations/Mathematical-computations-using-reciprocals.xml,stack/top/1-0-Numbers-Algebra/Real-Numbers/Using-reciprocals-of-real-numbers-in-mathematical-computations/Application-of-reciprocals-given-the-number-of-hours-2-pipes-tak.xml,,,
Numbers and Algebra,Indices and Logarithms,Indices,Introduction to Indices,Yes,numbers-and-algebra/indices-and-logarithms/subsubsec-introduction-to-indices.ptx,2,stack/top/1-0-Numbers-Algebra/Indices-and-Logarithms/Indices/Expressing-Numbers-in-Index-Form/Expressing-a-whole-numbers-in-index-form.xml,stack/top/1-0-Numbers-Algebra/Indices-and-Logarithms/Indices/Expressing-Numbers-in-Index-Form/Expressing-cube-power-results-in-index-form.xml,,,
Numbers and Algebra,Indices and Logarithms,Indices,Laws of Indices,Yes,numbers-and-algebra/indices-and-logarithms/subsubsec-laws-of-indices.ptx,4,stack/top/1-0-Numbers-Algebra/Indices-and-Logarithms/Indices/Laws-of-Indices/Applying-the-product-law-of-indices.xml,stack/top/1-0-Numbers-Algebra/Indices-and-Logarithms/Indices/Laws-of-Indices/Simplify-indices.xml,stack/top/1-0-Numbers-Algebra/Indices-and-Logarithms/Indices/Laws-of-Indices/Applying-mixed-laws-of-indices.xml,stack/top/1-0-Numbers-Algebra/Indices-and-Logarithms/Indices/Laws-of-Indices/Algebraic-Simplification-of-indices.xml,
Numbers and Algebra,Indices and Logarithms,Indices,Zero and Negative Indices,Yes,numbers-and-algebra/indices-and-logarithms/subsubsec-zero-and-negative-indices.ptx,2,stack/top/1-0-Numbers-Algebra/Indices-and-Logarithms/Indices/Zero-and-Negative-Indices/simplifying-Zero-index.xml,stack/top/1-0-Numbers-Algebra/Indices-and-Logarithms/Indices/Zero-and-Negative-Indices/Applying-negative-index-laws-to-simplify-expressions.xml,,,
Numbers and Algebra,Indices and Logarithms,Indices,Indices in Real-Life,Yes,numbers-and-algebra/indices-and-logarithms/subsubsec-indices-in-real-life.ptx,2,stack/top/1-0-Numbers-Algebra/Indices-and-Logarithms/Indices/Applications-of-Indices-in-Real-Life-situations/Presenting-Population-growth-model-using-indices.xml,stack/top/1-0-Numbers-Algebra/Indices-and-Logarithms/Indices/Applications-of-Indices-in-Real-Life-situations/Application-of-indices-in-compound-growth.xml,,,
Numbers and Algebra,Indices and Logarithms,Logarithms,Introduction to Logarithms,Yes,numbers-and-algebra/indices-and-logarithms/subsubsec-introduction-to-logarithms.ptx,5,stack/top/1-0-Numbers-Algebra/Indices-and-Logarithms/Logarithms/Using-Logarithms-with-Standard-Form/Using-logarithms-with-standard-form.xml,stack/top/1-0-Numbers-Algebra/Indices-and-Logarithms/Logarithms/Using-Logarithms-with-Standard-Form/Using-logarithms-to-find-the-power-part-of-standard-form.xml,stack/top/1-0-Numbers-Algebra/Indices-and-Logarithms/Logarithms/Logarithms-notation/Compute-logs-base-10.xml,stack/top/1-0-Numbers-Algebra/Indices-and-Logarithms/Logarithms/Logarithms-notation/Expressing-an-exponential-number-in-logarithmic-form.xml,stack/top/1-0-Numbers-Algebra/Indices-and-Logarithms/Logarithms/Logarithms-notation/Rewrite-a-complex-exponential-relationship-into-logarithmic-form.xml
Numbers and Algebra,Indices and Logarithms,Logarithms,Finding Logarithms Using Tables and Calculators,Yes,numbers-and-algebra/indices-and-logarithms/subsubsec-finding-logarithms-using-tables-and-calculators.ptx,2,stack/top/1-0-Numbers-Algebra/Indices-and-Logarithms/Logarithms/Determining-Common-Logarithms-Using-Mathematical-Tables-and-Calc/Computing-simple-logarithms.xml,stack/top/1-0-Numbers-Algebra/Indices-and-Logarithms/Logarithms/Determining-Common-Logarithms-Using-Mathematical-Tables-and-Calc/Determining-common-logarithms-using-a-calculator.xml,,,
Numbers and Algebra,Indices and Logarithms,Logarithms,Antilogarithms,Yes,numbers-and-algebra/indices-and-logarithms/subsubsec-antilogarithms.ptx,0,,,,,
Numbers and Algebra,Indices and Logarithms,Logarithms,Logarithms of Products and Ratios,Yes,numbers-and-algebra/indices-and-logarithms/subsubsec-logarithms-of-products-and-ratios.ptx,1,stack/top/1-0-Numbers-Algebra/Indices-and-Logarithms/Logarithms/Multiplying-and-Dividing-Logarithms/Multiplication-using-logarithm-tables.xml,,,,
Numbers and Algebra,Indices and Logarithms,Logarithms,Using logarithms to compute Products and Ratios,Yes,numbers-and-algebra/indices-and-logarithms/subsubsec-using-logarithms-to-compute-products-and-ratios.ptx,0,,,,,
Numbers and Algebra,Indices and Logarithms,Logarithms,Logarithms of Powers and Roots,Yes,numbers-and-algebra/indices-and-logarithms/subsubsec-logarithms-of-powers-and-roots.ptx,3,stack/top/1-0-Numbers-Algebra/Indices-and-Logarithms/Logarithms/Applying-Logarithms-to-Powers-and-Roots/Adding-logarithms-for-mixed-power-and-root.xml,stack/top/1-0-Numbers-Algebra/Indices-and-Logarithms/Logarithms/Applying-Logarithms-to-Powers-and-Roots/Applying-logarithms-to-a-power.xml,stack/top/1-0-Numbers-Algebra/Indices-and-Logarithms/Logarithms/Applying-Logarithms-to-Powers-and-Roots/Applying-logarithms-to-roots.xml,,
Numbers and Algebra,Indices and Logarithms,Logarithms,Logarithms in Real-Life,Yes,numbers-and-algebra/indices-and-logarithms/subsubsec-logarithms-in-real-life.ptx,0,,,,,
Numbers and Algebra,Quadratic Expressions and Equations,Quadratic Expressions,Forming Quadratic Expressions by Multiplying 1,Yes,numbers-and-algebra/quadratic-expressions-and-equations/subsubsec-forming-quadratic-expressions-by-multiplying-1.ptx,0,,,,,
Numbers and Algebra,Quadratic Expressions and Equations,Quadratic Expressions,Forming Quadratic Expressions by Multiplying 2,Yes,numbers-and-algebra/quadratic-expressions-and-equations/subsubsec-forming-quadratic-expressions-by-multiplying-2.ptx,0,,,,,
Numbers and Algebra,Quadratic Expressions and Equations,Quadratic Expressions,Forming Quadratic Expressions in Real-Life,Yes,numbers-and-algebra/quadratic-expressions-and-equations/subsubsec-forming-quadratic-expressions-in-real-life.ptx,0,,,,,
Numbers and Algebra,Quadratic Expressions and Equations,Quadratic Identities,Perfect Squares,Yes,numbers-and-algebra/quadratic-expressions-and-equations/subsubsec-perfect-squares.ptx,0,,,,,
Numbers and Algebra,Quadratic Expressions and Equations,Quadratic Identities,Difference of Squares,Yes,numbers-and-algebra/quadratic-expressions-and-equations/subsubsec-difference-of-squares.ptx,0,,,,,
Numbers and Algebra,Quadratic Expressions and Equations,Quadratic Identities,Quadratic Identities in Numerical Cases,Yes,numbers-and-algebra/quadratic-expressions-and-equations/subsubsec-quadratic-identities-in-numerical-cases.ptx,1,stack/top/1-0-Numbers-Algebra/Quadratic-Expressions-and-Equations-1/Apply-quadratic-identities-in-numerical-cases/Quadratic-Identities---Area-Model-for-Numerical-Squares.xml,,,,
Numbers and Algebra,Quadratic Expressions and Equations,Factorising Quadratics,Factorising Monic Quadratics,Yes,numbers-and-algebra/quadratic-expressions-and-equations/subsubsec-factorising-monic-quadratics.ptx,0,,,,,
Numbers and Algebra,Quadratic Expressions and Equations,Factorising Quadratics,Factorising Non-Monic Quadratics,Yes,numbers-and-algebra/quadratic-expressions-and-equations/subsubsec-factorising-non-monic-quadratics.ptx,0,,,,,
Numbers and Algebra,Quadratic Expressions and Equations,Quadratic Equations,Formation of Quadratic Equations,Yes,numbers-and-algebra/quadratic-expressions-and-equations/subsubsec-formation-of-quadratic-equations.ptx,0,,,,,
Numbers and Algebra,Quadratic Expressions and Equations,Quadratic Equations,Solving Quadratic Equations,Yes,numbers-and-algebra/quadratic-expressions-and-equations/subsubsec-solving-quadratic-equations.ptx,0,,,,,
Numbers and Algebra,Quadratic Expressions and Equations,Quadratic Equations,Quadratic Equations in Real-Life,Yes,numbers-and-algebra/quadratic-expressions-and-equations/subsubsec-quadratic-equations-in-real-life.ptx,0,,,,,
Measurements and Geometry,Similarity and Enlargement,Introduction to Similarity,,Yes,measurements-and-geometry/similarity-and-enlargement/subsec-introduction-to-similarity.ptx,2,stack/top/2-0-Measurement-Geometry/2-1-Similarity-and-Enlargement/2-1-1-Similarity/Using-Similar-Triangles-to-Find-Unknown-Side-Lengths.xml,stack/top/2-0-Measurement-Geometry/2-1-Similarity-and-Enlargement/2-1-1-Similarity/Using-Similarity-to-Determine-Unknown-Lengths-and-Scale-Factor.xml,,,
Measurements and Geometry,Similarity and Enlargement,Enlargements of Objects,Positive Enlargements,Yes,measurements-and-geometry/similarity-and-enlargement/subsubsec-positive-enlargements.ptx,5,stack/top/2-0-Measurement-Geometry/2-1-Similarity-and-Enlargement/2-1-2-Enlargement/25-4-Enlargements.xml,stack/top/2-0-Measurement-Geometry/2-1-Similarity-and-Enlargement/2-1-2-Enlargement/Circumference-of-a-circle-under-enlargement.xml,stack/top/2-0-Measurement-Geometry/2-1-Similarity-and-Enlargement/2-1-2-Enlargement/Enlargement-of-a-Triangle-with-Centre-at-the-Origin.xml,stack/top/2-0-Measurement-Geometry/2-1-Similarity-and-Enlargement/2-1-2-Enlargement/Enlargement-and-Similarity-Parsons-Proof.xml,stack/top/2-0-Measurement-Geometry/2-1-Similarity-and-Enlargement/2-1-2-Enlargement/Describing-a-enlargement.xml
Measurements and Geometry,Similarity and Enlargement,Enlargements of Objects,Negative Enlargements,Yes,measurements-and-geometry/similarity-and-enlargement/subsubsec-negative-enlargements.ptx,0,,,,,
Measurements and Geometry,Similarity and Enlargement,Scale Factors,Area Scale Factors,Yes,measurements-and-geometry/similarity-and-enlargement/subsubsec-area-scale-factors.ptx,3,stack/top/2-0-Measurement-Geometry/2-1-Similarity-and-Enlargement/2-1-3-Scale-Factors/2-1-3-1-Area-scale-factor/Finding-the-Area-of-a-Similar-Polygon.xml,stack/top/2-0-Measurement-Geometry/2-1-Similarity-and-Enlargement/2-1-3-Scale-Factors/2-1-3-1-Area-scale-factor/Finding-the-Area-of-a-Smaller-Cone-and-the-Slant-Height-of-a-Lar.xml,stack/top/2-0-Measurement-Geometry/2-1-Similarity-and-Enlargement/2-1-3-Scale-Factors/2-1-3-1-Area-scale-factor/Relationship-between-the-side-lengths-and-areas-of-similar-regul.xml,,
Measurements and Geometry,Similarity and Enlargement,Scale Factors,Volume Scale Factors,Yes,measurements-and-geometry/similarity-and-enlargement/subsubsec-volume-scale-factors.ptx,5,stack/top/2-0-Measurement-Geometry/2-1-Similarity-and-Enlargement/2-1-3-Scale-Factors/2-1-3-2Volume-Scale-Factor/28-2-Similar-Pyramids.xml,stack/top/2-0-Measurement-Geometry/2-1-Similarity-and-Enlargement/2-1-3-Scale-Factors/2-1-3-2Volume-Scale-Factor/Finding-the-Capacity-of-a-Larger-Container-Using-Similarity.xml,stack/top/2-0-Measurement-Geometry/2-1-Similarity-and-Enlargement/2-1-3-Scale-Factors/2-1-3-2Volume-Scale-Factor/Finding-the-Height-of-a-Larger-Can-from-Volume-Ratio.xml,stack/top/2-0-Measurement-Geometry/2-1-Similarity-and-Enlargement/2-1-3-Scale-Factors/2-1-3-2Volume-Scale-Factor/Ratio-of-volumes-of-similar-solids.xml,"stack/top/2-0-Measurement-Geometry/2-1-Similarity-and-Enlargement/2-1-3-Scale-Factors/2-1-3-2Volume-Scale-Factor/Similarity-and-Enlargement-Cylinders-_Surface-Area,-Length,-and-.xml"
Measurements and Geometry,Similarity and Enlargement,Similarity and Enlargement in Real-Life,,Yes,measurements-and-geometry/similarity-and-enlargement/subsec-similarity-and-enlargement-in-real-life.ptx,0,,,,,
Measurements and Geometry,Reflection and Congruence,Properties of Symmetry and Reflection,,Yes,measurements-and-geometry/reflection-and-congruence/subsec-properties-of-symmetry-and-reflection.ptx,2,stack/top/2-0-Measurement-Geometry/2-2-Reflection-and-Congruence/2-2-2-Plane-of-Symmetry/Number-of-Planes-of-Symmetry-in-3D-Shapes.xml,stack/top/2-0-Measurement-Geometry/2-2-Reflection-and-Congruence/2-2-1-Identifying-Lines-of-Symmetry-Given-an-Object/Lines-of-Symmetry-of-a-Regular-polygon-.xml,,,
Measurements and Geometry,Reflection and Congruence,Reflecting Objects,,Yes,measurements-and-geometry/reflection-and-congruence/subsec-reflecting-objects.ptx,2,stack/top/2-0-Measurement-Geometry/2-2-Reflection-and-Congruence/2-2-4-Reflection-of-Different-Shapes-on-a-Plane/25-3-Reflections.xml,stack/top/2-0-Measurement-Geometry/2-2-Reflection-and-Congruence/2-2-4-Reflection-of-Different-Shapes-on-a-Plane/Reflect-shape-on-an-axis.xml,,,
Measurements and Geometry,Reflection and Congruence,Equations of Mirror Lines,,Yes,measurements-and-geometry/reflection-and-congruence/subsec-equations-of-mirror-lines.ptx,2,stack/top/2-0-Measurement-Geometry/2-2-Reflection-and-Congruence/2-2-5-Determining-the-Equation-of-a-Mirror-Line/Describing-a-transformation.xml,stack/top/2-0-Measurement-Geometry/2-2-Reflection-and-Congruence/2-2-5-Determining-the-Equation-of-a-Mirror-Line/25-3-Reflections.xml,,,
Measurements and Geometry,Reflection and Congruence,Congruence in Triangles,,Yes,measurements-and-geometry/reflection-and-congruence/subsec-congruence-in-triangles.ptx,3,stack/top/2-0-Measurement-Geometry/2-2-Reflection-and-Congruence/2-2-6-Congruence/Triangle-which-is-direct-and-opposite-congruent-to-its-image-aft.xml,stack/top/2-0-Measurement-Geometry/2-2-Reflection-and-Congruence/2-2-7-Congruence-Tests-for-Triangles/Recognize-congruent-triangles.xml,stack/top/2-0-Measurement-Geometry/2-2-Reflection-and-Congruence/2-2-7-Congruence-Tests-for-Triangles/Congruence-in-a-Parallelogram-with-Parallel-Segments.xml,,
Measurements and Geometry,Reflection and Congruence,Reflection and Congruence in Real-Life,,Yes,measurements-and-geometry/reflection-and-congruence/subsec-reflection-and-congruence-in-real-life.ptx,0,,,,,
Measurements and Geometry,Rotation,Properties of Rotation,,Yes,measurements-and-geometry/rotation/subsec-properties-of-rotation.ptx,1,stack/top/2-0-Measurement-Geometry/2-3-Rotation/2-3-1-Properties-of-Rotation/Describing-a-rotation.xml,,,,
Measurements and Geometry,Rotation,Rotating Objects,,Yes,measurements-and-geometry/rotation/subsec-rotating-objects.ptx,1,stack/top/2-0-Measurement-Geometry/2-3-Rotation/2-3-2-Rotation-on-Different-Planes/25-2-Performing-translations-and-rotations.xml,,,,
Measurements and Geometry,Rotation,Rotational Symmetry,Rotational Symmetry of Plane Figures,Yes,measurements-and-geometry/rotation/subsubsec-rotational-symmetry-of-plane-figures.ptx,4,stack/top/2-0-Measurement-Geometry/2-3-Rotation/2-3-2-Rotation-on-Different-Planes/Describing-a-rotation.xml,stack/top/2-0-Measurement-Geometry/2-3-Rotation/2-3-2-Rotation-on-Different-Planes/Transforming-between-3-figures.xml,stack/top/2-0-Measurement-Geometry/2-3-Rotation/2-3-2-Rotation-on-Different-Planes/25-2-Performing-translations-and-rotations.xml,stack/top/2-0-Measurement-Geometry/2-3-Rotation/2-3-2-Rotation-on-Different-Planes/Rotation-of-a-triangle-about-the-origin-in-a-clockwise-direction.xml,
Measurements and Geometry,Rotation,Rotational Symmetry,Rotational Symmetry of Solids,Yes,measurements-and-geometry/rotation/subsubsec-rotational-symmetry-of-solids.ptx,1,stack/top/2-0-Measurement-Geometry/2-3-Rotation/2-3-3-Rotational-Symmetry/Determinig-Order-of-Rotational-Symmetry-of-polygons.xml,,,,
Measurements and Geometry,Rotation,Rotation and Congruence,,Yes,measurements-and-geometry/rotation/subsec-rotation-and-congruence.ptx,1,stack/top/2-0-Measurement-Geometry/2-3-Rotation/2-3-4-Rotation-and-Congruence/Congruence-of-Figures-Using-Transformations.xml,,,,
Measurements and Geometry,Rotation,Rotation in Real-Life,,Yes,measurements-and-geometry/rotation/subsec-rotation-in-real-life.ptx,0,,,,,
Measurements and Geometry,Trigonometry 1,Tangents of Acute Angles,,Yes,measurements-and-geometry/trigonometry-1/subsec-tangents-of-acute-angles.ptx,1,stack/top/2-0-Measurement-Geometry/2-4-Trigonometry-1/2-4-1-Trigonometric-Ratios-of-Acute-Angles/2-4-1-1-Tangent-of-an-Acute-Angle/Finding-the-tangent-of-the-the-right-angle-triangle-.xml,,,,
Measurements and Geometry,Trigonometry 1,Sines and Cosines of Acute Angles,,Yes,measurements-and-geometry/trigonometry-1/subsec-sines-and-cosines-of-acute-angles.ptx,2,stack/top/2-0-Measurement-Geometry/2-4-Trigonometry-1/2-4-1-Trigonometric-Ratios-of-Acute-Angles/2-4-1-2-Sine-and-Cosine-of-an-Acute-Angle/Finding-Ladder-Height-and-Base-Distance.xml,stack/top/2-0-Measurement-Geometry/2-4-Trigonometry-1/2-4-1-Trigonometric-Ratios-of-Acute-Angles/2-4-1-2-Sine-and-Cosine-of-an-Acute-Angle/Finding-Trigonometric-Ratios-in-a-Right-Angled-Triangle.xml,,,
Measurements and Geometry,Trigonometry 1,Sines and Cosines of Complementary Angles,,Yes,measurements-and-geometry/trigonometry-1/subsec-sines-and-cosines-of-complementary-angles.ptx,3,stack/top/2-0-Measurement-Geometry/2-4-Trigonometry-1/2-4-2-Sines-and-Cosines-of-Complimentary-Angles/Finding-Complementary-Angles-and-Trigonometric-Ratios.xml,stack/top/2-0-Measurement-Geometry/2-4-Trigonometry-1/2-4-2-Sines-and-Cosines-of-Complimentary-Angles/Finding-Sines-and-Cosines-of-Complementary-Angles.xml,stack/top/2-0-Measurement-Geometry/2-4-Trigonometry-1/2-4-1-Trigonometric-Ratios-of-Acute-Angles/2-4-1-1-Tangent-of-an-Acute-Angle/Finding-Trigonometric-Ratios-in-a-Right-Angled-Triangle.xml,,
Measurements and Geometry,Trigonometry 1,Trigonometric Ratios of Special Angles,"Special Angles: 0, 45, and 90 Degrees",Yes,measurements-and-geometry/trigonometry-1/subsubsec-special-angles-0-45-and-90-degrees.ptx,2,stack/top/2-0-Measurement-Geometry/2-4-Trigonometry-1/2-4-3-Trigonometric-ratios-of-Special-Angles-30-45-and-60/2-4-3-1-Tangent-Cosine-and-Sine-of-45/Finding-Trigonometric-Ratios-in-a-Right-Angled-Triangle.xml,stack/top/2-0-Measurement-Geometry/2-4-Trigonometry-1/2-4-3-Trigonometric-ratios-of-Special-Angles-30-45-and-60/2-4-3-1-Tangent-Cosine-and-Sine-of-45/Determining-the-Length-of-a-Divider-Arm-from-Vertical-Height.xml,,,
Measurements and Geometry,Trigonometry 1,Trigonometric Ratios of Special Angles,Special Angles: 30 and 60 Degrees,Yes,measurements-and-geometry/trigonometry-1/subsubsec-special-angles-30-and-60-degrees.ptx,1,stack/top/2-0-Measurement-Geometry/2-4-Trigonometry-1/2-4-3-Trigonometric-ratios-of-Special-Angles-30-45-and-60/2-4-3-2-Tangent-Cosins-and-Sine-of-30-and-60/Finding-the-Trigonometry-Ratios-in-a-30-60-and-90-Triangle.xml,,,,
Measurements and Geometry,Trigonometry 1,Trigonometry Using Tables and Calculators,,Yes,measurements-and-geometry/trigonometry-1/subsec-trigonometry-using-tables-and-calculators.ptx,2,stack/top/2-0-Measurement-Geometry/2-4-Trigonometry-1/2-4-4-Determining-Trigonometric-Ratios-Using-a-Calculator/Calculating-Sine-and-Cosine-Values-Using-a-Calculator.xml,"stack/top/2-0-Measurement-Geometry/2-4-Trigonometry-1/2-4-4-Determining-Trigonometric-Ratios-Using-a-Calculator/Calculating-sines,cosines-and-tangents-of-acute-angles-using-a-c.xml",,,
Measurements and Geometry,Trigonometry 1,Angles of Elevation and Depression,Angles of Elevation,Yes,measurements-and-geometry/trigonometry-1/subsubsec-angles-of-elevation.ptx,2,stack/top/2-0-Measurement-Geometry/2-4-Trigonometry-1/2-4-5-Application-of-Trigonometric-Ratios/2-4-5-1-Trigonometric-Ratios-to-Angles-of-Elevation-and-Depressi/Calculating-the-length-of-the-right-angled-triangle.xml,stack/top/2-0-Measurement-Geometry/2-4-Trigonometry-1/2-4-5-Application-of-Trigonometric-Ratios/2-4-5-1-Trigonometric-Ratios-to-Angles-of-Elevation-and-Depressi/Finding-the-value-of-unknown-angle-using-trigonometric-ratio-.xml,,,
Measurements and Geometry,Trigonometry 1,Angles of Elevation and Depression,Angles of Depression,Yes,measurements-and-geometry/trigonometry-1/subsubsec-angles-of-depression.ptx,0,,,,,
Measurements and Geometry,Trigonometry 1,Trigonometry in Real-Life,,Yes,measurements-and-geometry/trigonometry-1/subsec-trigonometry-in-real-life.ptx,0,,,,,
Measurements and Geometry,Area of Polygons,Area of Triangles,Using Two Sides and an Angle,Yes,measurements-and-geometry/area-of-polygons/subsubsec-using-two-sides-and-an-angle.ptx,0,,,,,
Measurements and Geometry,Area of Polygons,Area of Triangles,Heron's Formula,Yes,measurements-and-geometry/area-of-polygons/subsubsec-herons-formula.ptx,0,,,,,
Measurements and Geometry,Area of Polygons,Area of Quadrilaterals,Area of Squares and Rectangles,Yes,measurements-and-geometry/area-of-polygons/subsubsec-area-of-squares-and-rectangles.ptx,0,,,,,
Measurements and Geometry,Area of Polygons,Area of Quadrilaterals,Area of Parallelograms,Yes,measurements-and-geometry/area-of-polygons/subsubsec-area-of-parallelograms.ptx,0,,,,,
Measurements and Geometry,Area of Polygons,Area of Quadrilaterals,Area of Rhombuses,Yes,measurements-and-geometry/area-of-polygons/subsubsec-area-of-rhombuses.ptx,2,"stack/top/2-0-Measurement-Geometry/2-5-Area-of-Polygons/Area-of-a-rhombus/Calculating-the-area-of-a-rhombus,-given-the-height-and-base.xml",stack/top/2-0-Measurement-Geometry/2-5-Area-of-Polygons/Area-of-a-rhombus/Calculating-the-area-of-a-rhombus.xml,,,
Measurements and Geometry,Area of Polygons,Area of Quadrilaterals,Area of Trapeziums,Yes,measurements-and-geometry/area-of-polygons/subsubsec-area-of-trapeziums.ptx,0,,,,,
Measurements and Geometry,Area of Polygons,Area of Quadrilaterals,Area of Kites,Yes,measurements-and-geometry/area-of-polygons/subsubsec-area-of-kites.ptx,0,,,,,
Measurements and Geometry,Area of Polygons,Area of Regular Polygons,Area of Heptagons,Yes,measurements-and-geometry/area-of-polygons/subsubsec-area-of-heptagons.ptx,0,,,,,
Measurements and Geometry,Area of Polygons,Area of Regular Polygons,Area of Octagons,Yes,measurements-and-geometry/area-of-polygons/subsubsec-area-of-octagons.ptx,0,,,,,
Measurements and Geometry,Area of Polygons,Area of Regular Polygons,Area of Nonagons,Extension,measurements-and-geometry/area-of-polygons/subsubsec-area-of-nonagons.ptx,0,,,,,
Measurements and Geometry,Area of Polygons,Area of Regular Polygons,Area of Decagons,Extension,measurements-and-geometry/area-of-polygons/subsubsec-area-of-decagons.ptx,0,,,,,
Measurements and Geometry,Area of Polygons,Area of Irregular Polygons,,Yes,measurements-and-geometry/area-of-polygons/subsec-area-of-irregular-polygons.ptx,0,,,,,
Measurements and Geometry,Area of Polygons,Area of Polygons in Real-Life,,Yes,measurements-and-geometry/area-of-polygons/subsec-area-of-polygons-in-real-life.ptx,0,,,,,
Measurements and Geometry,Area of a Part of a Circle,Area of an Annulus,,Yes,measurements-and-geometry/area-of-a-part-of-a-circle/subsec-area-of-an-annulus.ptx,2,stack/top/2-0-Measurement-Geometry/2-6-Area-of-a-Part-of-a-Circle/2-6-1-Area-of-an-Annulus/Determining-the-Area-of-an-Annulus.xml,stack/top/2-0-Measurement-Geometry/2-6-Area-of-a-Part-of-a-Circle/2-6-1-Area-of-an-Annulus/Calculating-the-Area-of-a-Wheel-Region.xml,,,
Measurements and Geometry,Area of a Part of a Circle,Area of Sectors,,Yes,measurements-and-geometry/area-of-a-part-of-a-circle/subsec-area-of-sectors.ptx,2,stack/top/2-0-Measurement-Geometry/2-6-Area-of-a-Part-of-a-Circle/2-6-2-Area-of-a-Sector-of-a-Circle/Determining-the-Angle-of-a-Sector-.xml,stack/top/2-0-Measurement-Geometry/2-6-Area-of-a-Part-of-a-Circle/2-6-2-Area-of-a-Sector-of-a-Circle/Calculating-the-area-of-a-sector.xml,,,
Measurements and Geometry,Area of a Part of a Circle,Area of Annular Sectors,,Yes,measurements-and-geometry/area-of-a-part-of-a-circle/subsec-area-of-annular-sectors.ptx,2,stack/top/2-0-Measurement-Geometry/2-6-Area-of-a-Part-of-a-Circle/2-6-3-Area-of-an-Annular-Sector/Calculating-the-Area-Swept-by-a-Windscreen-Wiper.xml,stack/top/2-0-Measurement-Geometry/2-6-Area-of-a-Part-of-a-Circle/2-6-3-Area-of-an-Annular-Sector/Calculating-Areas-of-a-Mechanical-Arm-Sweep.xml,,,
Measurements and Geometry,Area of a Part of a Circle,Area of Segments,,Yes,measurements-and-geometry/area-of-a-part-of-a-circle/subsec-area-of-segments.ptx,2,stack/top/2-0-Measurement-Geometry/2-6-Area-of-a-Part-of-a-Circle/2-6-4-Area-of-a-Segment-of-a-Circle/Finding-the-area-of-segment-.xml,stack/top/2-0-Measurement-Geometry/2-6-Area-of-a-Part-of-a-Circle/2-6-4-Area-of-a-Segment-of-a-Circle/Finding-the-Area-of-a-Circular-Segment.xml,,,
Measurements and Geometry,Area of a Part of a Circle,Area of Common Regions Between Circles,,Yes,measurements-and-geometry/area-of-a-part-of-a-circle/subsec-area-of-common-regions-between-circles.ptx,2,stack/top/2-0-Measurement-Geometry/2-6-Area-of-a-Part-of-a-Circle/2-6-5-Area-of-Common-Region-between-two-Intersecting-Circles/Calculating-the-Area-of-Overlapping-Circles-During-Planetary-Ali.xml,stack/top/2-0-Measurement-Geometry/2-6-Area-of-a-Part-of-a-Circle/2-6-5-Area-of-Common-Region-between-two-Intersecting-Circles/Calculating-the-Area-of-Intersecting-Circles.xml,,,
Measurements and Geometry,Area of a Part of a Circle,Area of a Part of a Circle in Real-Life,,Yes,measurements-and-geometry/area-of-a-part-of-a-circle/subsec-area-of-a-part-of-a-circle-in-real-life.ptx,0,,,,,
Measurements and Geometry,Surface Area,Surface Area of Cubes and Cuboids,,Extension,measurements-and-geometry/surface-area/subsec-surface-area-of-cubes-and-cuboids.ptx,5,stack/top/2-0-Measurement-Geometry/2-7-Surface-Area-and-Volume-of-Solids/2-7-1-Surface-area-of-Prisms/Calculating-the-surface-area-of-the-cube-from-its-net-.xml,stack/top/2-0-Measurement-Geometry/2-7-Surface-Area-and-Volume-of-Solids/2-7-1-Surface-area-of-Prisms/Calculating-the-Surface-Area-of-a-cube.xml,stack/top/2-0-Measurement-Geometry/2-7-Surface-Area-and-Volume-of-Solids/2-7-2-Surface-area-of-a-cuboid/Determining-the-surface-area-of-the-closed-cuboid-from-its-net-.xml,stack/top/2-0-Measurement-Geometry/2-7-Surface-Area-and-Volume-of-Solids/2-7-2-Surface-area-of-a-cuboid/Surface-Area-of-an-Open-Rectangular-Chalk-Box.xml,stack/top/2-0-Measurement-Geometry/2-7-Surface-Area-and-Volume-of-Solids/2-7-2-Surface-area-of-a-cuboid/Volume-and-Surface-Area-of-a-Rectangular-Block-.xml
Measurements and Geometry,Surface Area,Surface Area of Prisms,,Yes,measurements-and-geometry/surface-area/subsec-surface-area-of-prisms.ptx,3,stack/top/2-0-Measurement-Geometry/2-7-Surface-Area-and-Volume-of-Solids/2-7-5-Surface-Area-of-a-Triangular-Prism/Finding-the-Surface-Area-of-a-Composite-Solid.xml,stack/top/2-0-Measurement-Geometry/2-7-Surface-Area-and-Volume-of-Solids/2-7-5-Surface-Area-of-a-Triangular-Prism/Finding-the-Surface-Area-of-a-Triangular-Prism.xml,stack/top/2-0-Measurement-Geometry/2-7-Surface-Area-and-Volume-of-Solids/2-7-5-Surface-Area-of-a-Triangular-Prism/Finding-the-Surface-Area-of-a-Triangular-Prism-(Tent-Problem).xml,,
Measurements and Geometry,Surface Area,Surface Area of Cylinders,,Extension,measurements-and-geometry/surface-area/subsec-surface-area-of-cylinders.ptx,0,,,,,
Measurements and Geometry,Surface Area,Surface Area of Pyramids,,Yes,measurements-and-geometry/surface-area/subsec-surface-area-of-pyramids.ptx,2,stack/top/2-0-Measurement-Geometry/2-7-Surface-Area-and-Volume-of-Solids/2-7-3-Surface-Area-of-a-pyramid/Working-out-the-surface-area-of-a-pyramid-from-its-net.xml,stack/top/2-0-Measurement-Geometry/2-7-Surface-Area-and-Volume-of-Solids/2-7-3-Surface-Area-of-a-pyramid/Calculating-the-surface-area-of-a-square-based-pyramid-from-its-.xml,,,
Measurements and Geometry,Surface Area,Surface Area of Cones,,Yes,measurements-and-geometry/surface-area/subsec-surface-area-of-cones.ptx,2,stack/top/2-0-Measurement-Geometry/2-7-Surface-Area-and-Volume-of-Solids/2-7-6-Surface-area-of-a-Cone/Identifying-and-Determining-the-Surface-Area-of-a-Conical-Contai.xml,stack/top/2-0-Measurement-Geometry/2-7-Surface-Area-and-Volume-of-Solids/2-7-6-Surface-area-of-a-Cone/Calculating-the-surface-area-of-a-cone-from-its-net-.xml,,,
Measurements and Geometry,Surface Area,Surface Area of Frustums,,Yes,measurements-and-geometry/surface-area/subsec-surface-area-of-frustums.ptx,2,stack/top/2-0-Measurement-Geometry/2-7-Surface-Area-and-Volume-of-Solids/2-7-8-Surface-area-of-a-Frustum/Calculating-the-Lateral-Surface-Area-of-a-Frustum-of-a-Square-Py.xml,stack/top/2-0-Measurement-Geometry/2-7-Surface-Area-and-Volume-of-Solids/2-7-8-Surface-area-of-a-Frustum/Calculating-the-Volume-of-a-cuboid.xml,,,
Measurements and Geometry,Surface Area,Surface Area of Spheres,,Yes,measurements-and-geometry/surface-area/subsec-surface-area-of-spheres.ptx,2,stack/top/2-0-Measurement-Geometry/2-7-Surface-Area-and-Volume-of-Solids/2-7-4-Surface-Area-of-a-Sphere/Determining-the-Surface-Area-of-a-cone-.xml,stack/top/2-0-Measurement-Geometry/2-7-Surface-Area-and-Volume-of-Solids/2-7-4-Surface-Area-of-a-Sphere/Determining-the-Radius-of-a-Sphere-.xml,,,
Measurements and Geometry,Surface Area,Surface Area of Composite Solids,,Yes,measurements-and-geometry/surface-area/subsec-surface-area-of-composite-solids.ptx,2,stack/top/2-0-Measurement-Geometry/2-7-Surface-Area-and-Volume-of-Solids/2-7-7-Surface-Area-of-Composite-solids/Finding-the-Surface-Area-and-Capacity-of-a-Goblet.xml,stack/top/2-0-Measurement-Geometry/2-7-Surface-Area-and-Volume-of-Solids/2-7-7-Surface-Area-of-Composite-solids/Determining-the-Surface-Area-of-an-Ice-Cream-Cone-Container.xml,,,
Measurements and Geometry,Surface Area,Surface Area in Real-Life,,Yes,measurements-and-geometry/surface-area/subsec-surface-area-in-real-life.ptx,0,,,,,
Measurements and Geometry,Volume,Volume of Cubes and Cuboids,,Extension,measurements-and-geometry/volume/subsec-volume-of-cubes-and-cuboids.ptx,2,stack/top/2-0-Measurement-Geometry/2-7-Surface-Area-and-Volume-of-Solids/2-7-10-Volume-of-a-Cuboid/Working-out-the-volume-of-a-cuboid-.xml,stack/top/2-0-Measurement-Geometry/2-7-Surface-Area-and-Volume-of-Solids/2-7-10-Volume-of-a-Cuboid/Volume-and-Surface-Area-of-a-Rectangular-Block-.xml,,,
Measurements and Geometry,Volume,Volume of Prisms,,Yes,measurements-and-geometry/volume/subsec-volume-of-prisms.ptx,0,,,,,
Measurements and Geometry,Volume,Volume of Cylinders,,Extension,measurements-and-geometry/volume/subsec-volume-of-cylinders.ptx,2,stack/top/2-0-Measurement-Geometry/2-7-Surface-Area-and-Volume-of-Solids/2-7-13-Volume-of-a-Cylinder/Calculating-the-Volume-of-a-Cylinder.xml,stack/top/2-0-Measurement-Geometry/2-7-Surface-Area-and-Volume-of-Solids/2-7-13-Volume-of-a-Cylinder/Calculating-the-Volume-of-Material-in-a-Hollow-Cylinder.xml,,,
Measurements and Geometry,Volume,Volume of Pyramids,,Yes,measurements-and-geometry/volume/subsec-volume-of-pyramids.ptx,2,stack/top/2-0-Measurement-Geometry/2-7-Surface-Area-and-Volume-of-Solids/2-7-12-Volume-of-a-Pyramid/Calculating-the-Volume-of-a-Triangular-Based-Pyramid.xml,stack/top/2-0-Measurement-Geometry/2-7-Surface-Area-and-Volume-of-Solids/2-7-12-Volume-of-a-Pyramid/Calculating-the-Height-and-Volume-of-a-Square-Based-Pyramid.xml,,,
Measurements and Geometry,Volume,Volume of Cones,,Yes,measurements-and-geometry/volume/subsec-volume-of-cones.ptx,2,stack/top/2-0-Measurement-Geometry/2-7-Surface-Area-and-Volume-of-Solids/2-7-15-Volume-of-a-Cone/Identifying-and-Determining-the-Dimensions-of-a-Cone.xml,stack/top/2-0-Measurement-Geometry/2-7-Surface-Area-and-Volume-of-Solids/2-7-15-Volume-of-a-Cone/Identifying-the-volume-of-a-cone.xml,,,
Measurements and Geometry,Volume,Volume of Frustums,,Yes,measurements-and-geometry/volume/subsec-volume-of-frustums.ptx,0,,,,,
Measurements and Geometry,Volume,Volume of Spheres,,Yes,measurements-and-geometry/volume/subsec-volume-of-spheres.ptx,2,stack/top/2-0-Measurement-Geometry/2-7-Surface-Area-and-Volume-of-Solids/2-7-14-Volume-of-a-Sphere/Calculating-the-Volume-of-a-Sphere.xml,stack/top/2-0-Measurement-Geometry/2-7-Surface-Area-and-Volume-of-Solids/2-7-14-Volume-of-a-Sphere/Calculating-the-Depth-of-Water-in-a-Cylindrical-Container.xml,,,
Measurements and Geometry,Volume,Volume of Composite Solids,,Yes,measurements-and-geometry/volume/subsec-volume-of-composite-solids.ptx,4,stack/top/2-0-Measurement-Geometry/2-7-Surface-Area-and-Volume-of-Solids/2-7-9-Volume-of-Solids-/Calculating-the-surface-area-of-a-cone-from-its-net-.xml,stack/top/2-0-Measurement-Geometry/2-7-Surface-Area-and-Volume-of-Solids/2-7-9-Volume-of-Solids-/Finding-the-Volume-of-a-Cube.xml,stack/top/2-0-Measurement-Geometry/2-7-Surface-Area-and-Volume-of-Solids/2-7-9-Volume-of-Solids-/Working-out-the-surface-area-of-a-pyramid-from-its-net.xml,stack/top/2-0-Measurement-Geometry/2-7-Surface-Area-and-Volume-of-Solids/2-7-9-Volume-of-Solids-/Finding-How-Many-Small-Cubes-Fit-Inside-a-Large-Cube.xml,
Measurements and Geometry,Volume,Volume in Real-Life,,Yes,measurements-and-geometry/volume/subsec-volume-in-real-life.ptx,0,,,,,
Measurements and Geometry,Vectors 1,Vector and Scalar Quantities,,Yes,measurements-and-geometry/vectors-1/subsec-vector-and-scalar-quantities.ptx,1,stack/top/2-0-Measurement-Geometry/2-8-Vectors-I/2-8-1-Vector-and-Scalar-Quantities/9-1-1-2-Scalar-or-vector-quantity.xml,,,,
Measurements and Geometry,Vectors 1,Representing Vectors,Representing Vectors Geometrically,Yes,measurements-and-geometry/vectors-1/subsubsec-representing-vectors-geometrically.ptx,0,,,,,
Measurements and Geometry,Vectors 1,Representing Vectors,Column Vectors,Yes,measurements-and-geometry/vectors-1/subsubsec-column-vectors.ptx,2,stack/top/2-0-Measurement-Geometry/2-8-Vectors-I/2-8-6-Column-Vectors/9-2-1-3-Column-vector-notation.xml,stack/top/2-0-Measurement-Geometry/2-8-Vectors-I/2-8-6-Column-Vectors/Column-vectors.xml,,,
Measurements and Geometry,Vectors 1,Representing Vectors,Position Vectors,Yes,measurements-and-geometry/vectors-1/subsubsec-position-vectors.ptx,2,stack/top/2-0-Measurement-Geometry/2-8-Vectors-I/2-8-7-Position-Vectors/Definition-of-position-vector.xml,stack/top/2-0-Measurement-Geometry/2-8-Vectors-I/2-8-7-Position-Vectors/Calculating-position-and-displacement-Vectors.xml,,,
Measurements and Geometry,Vectors 1,Magnitudes of Vectors,,Yes,measurements-and-geometry/vectors-1/subsec-magnitudes-of-vectors.ptx,2,stack/top/2-0-Measurement-Geometry/2-8-Vectors-I/2-8-8-Magnitude-of-a-Vector/9-2-1-10-modulus-of-vectors-(cartesian-2D).xml,stack/top/2-0-Measurement-Geometry/2-8-Vectors-I/2-8-8-Magnitude-of-a-Vector/Finding-magnitude-of-a-given-vector.xml,,,
Measurements and Geometry,Vectors 1,Midpoints of Vectors,,Yes,measurements-and-geometry/vectors-1/subsec-midpoints-of-vectors.ptx,2,stack/top/2-0-Measurement-Geometry/2-8-Vectors-I/2-8-9-Midpoint-of-a-Vector/Finding-midpoint-between-two-vectors.xml,stack/top/2-0-Measurement-Geometry/2-8-Vectors-I/2-8-9-Midpoint-of-a-Vector/Finding-the-midpoint.xml,,,
Measurements and Geometry,Vectors 1,Manipulating Vectors,Adding Vectors,Yes,measurements-and-geometry/vectors-1/subsubsec-adding-vectors.ptx,4,stack/top/2-0-Measurement-Geometry/2-8-Vectors-I/2-8-4-Addition-of-Vectors/9-1-4-2-Diagonals-of-a-rectangle.xml,stack/top/2-0-Measurement-Geometry/2-8-Vectors-I/2-8-4-Addition-of-Vectors/9-1-5-4-Adding-vectors-in-triangles.xml,stack/top/2-0-Measurement-Geometry/2-8-Vectors-I/2-8-4-Addition-of-Vectors/9-1-5-5-Hexagon-adding-vectors.xml,stack/top/2-0-Measurement-Geometry/2-8-Vectors-I/2-8-4-Addition-of-Vectors/9-2-1-4-Adding-vectors-with-cartesian-components-(2D).xml,
Measurements and Geometry,Vectors 1,Manipulating Vectors,Multiplying Vectors by Scalars,Yes,measurements-and-geometry/vectors-1/subsubsec-multiplying-vectors-by-scalars.ptx,2,stack/top/2-0-Measurement-Geometry/2-8-Vectors-I/2-8-5-Multiplication-of-Vectors-by-a-Scalar/9-1-5-2-Multiplying-vectors-by-scalars-and-simplfying.xml,stack/top/2-0-Measurement-Geometry/2-8-Vectors-I/2-8-5-Multiplication-of-Vectors-by-a-Scalar/Multiplication-of-vectors-by-a-scalar.xml,,,
Measurements and Geometry,Vectors 1,Manipulating Vectors,Translating Vectors,Yes,measurements-and-geometry/vectors-1/subsubsec-translating-vectors.ptx,2,stack/top/2-0-Measurement-Geometry/2-8-Vectors-I/2-8-10-Translation-Vector/Sequential-Translations-of-a-Point.xml,stack/top/2-0-Measurement-Geometry/2-8-Vectors-I/2-8-10-Translation-Vector/Translation-Vector.xml,,,
Measurements and Geometry,Vectors 1,Manipulating Vectors,Equivalent Vectors,Yes,measurements-and-geometry/vectors-1/subsubsec-equivalent-vectors.ptx,2,stack/top/2-0-Measurement-Geometry/2-8-Vectors-I/2-8-3-Equivalent-Vectors/Identical-vectors-2.xml,stack/top/2-0-Measurement-Geometry/2-8-Vectors-I/2-8-3-Equivalent-Vectors/Identical-vectors.xml,,,
Measurements and Geometry,Vectors 1,Vectors in Real-Life,,Yes,measurements-and-geometry/vectors-1/subsec-vectors-in-real-life.ptx,0,,,,,
Measurements and Geometry,Linear Motion,Distance and Displacement,,Yes,measurements-and-geometry/linear-motion/subsec-distance-and-displacement.ptx,0,,,,,
Measurements and Geometry,Linear Motion,Speed and Velocity,,Yes,measurements-and-geometry/linear-motion/subsec-speed-and-velocity.ptx,3,stack/top/2-0-Measurement-Geometry/2-9-Linear-Motion/Speed/Calculating-average-speed-with-time-segment.xml,stack/top/2-0-Measurement-Geometry/2-9-Linear-Motion/Speed/Calculating-average-spent-with-segments.xml,stack/top/2-0-Measurement-Geometry/2-9-Linear-Motion/Speed/Calculating-the-speed-of-a-bus-given-distance-and-time.xml,,
Measurements and Geometry,Linear Motion,Relative Speeds,Relative Speeds of Objects Moving in the Same Direction,Yes,measurements-and-geometry/linear-motion/subsubsec-relative-speeds-of-objects-moving-in-the-same-direction.ptx,2,stack/top/2-0-Measurement-Geometry/2-9-Linear-Motion/Relative-speed-when-objects-move-in-the-same-direction/Finding-the-meeting-time-of-two-cyclist-after-starting-at-diffe.xml,stack/top/2-0-Measurement-Geometry/2-9-Linear-Motion/Relative-speed-when-objects-move-in-the-same-direction/Finding-the-time-taken-by-Bus-A-to-overtake-Bus-B-when-travellin.xml,,,
Measurements and Geometry,Linear Motion,Relative Speeds,Relative Speeds of Objects Moving in Different Directions,Yes,measurements-and-geometry/linear-motion/subsubsec-relative-speeds-of-objects-moving-in-different-directions.ptx,3,stack/top/2-0-Measurement-Geometry/2-9-Linear-Motion/Relative-speed-When-Objects-Move-Toward-Each-Other-(Opposite-Dir/Finding-the-time-and-distance-covered-by-two-motorist-travelling.xml,stack/top/2-0-Measurement-Geometry/2-9-Linear-Motion/Relative-speed-When-Objects-Move-Toward-Each-Other-(Opposite-Dir/Finding-speeds-of-two-people-cycling-toward-each-other-from-two-.xml,stack/top/2-0-Measurement-Geometry/2-9-Linear-Motion/Relative-speed-When-Objects-Move-Toward-Each-Other-(Opposite-Dir/Finding-the-time-two-cyclist-travelling-towards-each-other-met.xml,,
Measurements and Geometry,Linear Motion,Acceleration,,Yes,measurements-and-geometry/linear-motion/subsec-acceleration.ptx,2,stack/top/2-0-Measurement-Geometry/2-9-Linear-Motion/Velocity-and-Acceleration-in-Different-Situations/Finding-the-final-velocity-and-distance-travelled-during-the-tim.xml,stack/top/2-0-Measurement-Geometry/2-9-Linear-Motion/Velocity-and-Acceleration-in-Different-Situations/Finding-deceleration-and-distance-travelled-given-speed-and-time.xml,,,
Measurements and Geometry,Linear Motion,Displacement-Time Graphs,,Yes,measurements-and-geometry/linear-motion/subsec-displacement-time-graphs.ptx,3,stack/top/2-0-Measurement-Geometry/2-9-Linear-Motion/Interpretation-of-Displacement-Time-Graph/Interpreting-a-given-displacement-time-graph.xml,stack/top/2-0-Measurement-Geometry/2-9-Linear-Motion/Interpretation-of-Displacement-Time-Graph/Using-a-given-displacement-time-graph-to-answer-the-given-questi.xml,stack/top/2-0-Measurement-Geometry/2-9-Linear-Motion/Displacement-Time-Graph-of-Different-Situations/Finding-displacement-of-an-object-in-constant-velocity-motion.xml,,
Measurements and Geometry,Linear Motion,Velocity-Time Graphs,,Yes,measurements-and-geometry/linear-motion/subsec-velocity-time-graphs.ptx,2,stack/top/2-0-Measurement-Geometry/2-9-Linear-Motion/Velocity-Time-Graph/Finding-acceleration-and-total-distance-using-velocity-time-grap.xml,stack/top/2-0-Measurement-Geometry/2-9-Linear-Motion/Velocity-Time-Graph/Finding-distance-and-acceleration-from-a-velocity–time-graph.xml,,,
Measurements and Geometry,Linear Motion,Linear Motion in Real-Life,,Yes,measurements-and-geometry/linear-motion/subsec-linear-motion-in-real-life.ptx,0,,,,,
Statistics and Probability,Statistics 1,Introduction to Statistics,Sources of Data,Yes,statistics-and-probability/statistics-1/subsubsec-sources-of-data.ptx,2,stack/top/3-0-Statistics-Probability/Statistics-1/3-1-1-Collection-of-Data/3-1-1-1-Sources-of-Data/Classifying-primary-and-secondary-data.xml,stack/top/3-0-Statistics-Probability/Statistics-1/3-1-1-Collection-of-Data/3-1-1-1-Sources-of-Data/Definitions-of-sources-of-data.xml,,,
Statistics and Probability,Statistics 1,Introduction to Statistics,Methods of Data Collection,Yes,statistics-and-probability/statistics-1/subsubsec-methods-of-data-collection.ptx,2,stack/top/3-0-Statistics-Probability/Statistics-1/3-1-1-Collection-of-Data/3-1-1-2-Methods-of-Data-Collection/Identifying-data-collection-methods.xml,stack/top/3-0-Statistics-Probability/Statistics-1/3-1-1-Collection-of-Data/3-1-1-2-Methods-of-Data-Collection/Selecting-appropriate-data-collection-methods.xml,,,
Statistics and Probability,Statistics 1,Ungrouped Data,Frequency Distribution Tables,Yes,statistics-and-probability/statistics-1/subsubsec-frequency-distribution-tables.ptx,2,stack/top/3-0-Statistics-Probability/Statistics-1/3-1-2-Representing-Data-using-a-Frequency-Distribution-Table/Representing-Data-using-a-Frequency-Distribution-Table.xml,stack/top/3-0-Statistics-Probability/Statistics-1/3-1-2-Representing-Data-using-a-Frequency-Distribution-Table/Representing-data-using-a-grouped-frequency-distribution-table.xml,,,
Statistics and Probability,Statistics 1,Ungrouped Data,Mean,Yes,statistics-and-probability/statistics-1/subsubsec-mean.ptx,0,,,,,
Statistics and Probability,Statistics 1,Ungrouped Data,Median,Yes,statistics-and-probability/statistics-1/subsubsec-median.ptx,0,,,,,
Statistics and Probability,Statistics 1,Ungrouped Data,Mode,Yes,statistics-and-probability/statistics-1/subsubsec-mode.ptx,2,stack/top/3-0-Statistics-Probability/Statistics-1/3-1-3-Measures-of-Central-Tendency/3-1-3-1-Ungrouped-Data-for-Measures-of-Central-Tendency/Finding-the-central-tendency-for-ungrouped-data.xml,stack/top/3-0-Statistics-Probability/Statistics-1/3-1-3-Measures-of-Central-Tendency/3-1-3-1-Ungrouped-Data-for-Measures-of-Central-Tendency/Analysis-of-ungrouped-data-for-kabras-sugar-company.xml,,,
Statistics and Probability,Statistics 1,Grouped Data,Frequency Distribution Tables Grouped,Yes,statistics-and-probability/statistics-1/subsubsec-frequency-distribution-tables-grouped.ptx,0,,,,,
Statistics and Probability,Statistics 1,Grouped Data,Mean Grouped,Yes,statistics-and-probability/statistics-1/subsubsec-mean-grouped.ptx,0,,,,,
Statistics and Probability,Statistics 1,Grouped Data,Median Grouped,Yes,statistics-and-probability/statistics-1/subsubsec-median-grouped.ptx,0,,,,,
Statistics and Probability,Statistics 1,Grouped Data,Mode Grouped,Yes,statistics-and-probability/statistics-1/subsubsec-mode-grouped.ptx,2,"stack/top/3-0-Statistics-Probability/Statistics-1/3-1-3-Measures-of-Central-Tendency/3-1-3-2-Grouped-Data-for-Measures-of-Central-Tendency/Finding-mean,-median-and-modal-class-for-grouped-data.xml",stack/top/3-0-Statistics-Probability/Statistics-1/3-1-3-Measures-of-Central-Tendency/3-1-3-2-Grouped-Data-for-Measures-of-Central-Tendency/Constructing-frequency-tables-and-calculating-mean-and-median.xml,,,
Statistics and Probability,Statistics 1,Histograms and Frequency Polygons,,Yes,statistics-and-probability/statistics-1/subsec-histograms-and-frequency-polygons.ptx,2,stack/top/3-0-Statistics-Probability/Statistics-1/Drawing-Histograms-and-Frequency-Polygons-of-Data/Interactive-Frequency-table-for-the-time-taken-and-a-Histogram.xml,stack/top/3-0-Statistics-Probability/Statistics-1/Drawing-Histograms-and-Frequency-Polygons-of-Data/Interactive-Frequency-table-for-the-time-taken-and-a-Histogram-.xml,,,
Statistics and Probability,Statistics 1,Interpretation of Data,,Yes,statistics-and-probability/statistics-1/subsec-interpretation-of-data.ptx,2,stack/top/3-0-Statistics-Probability/Statistics-1/3-1-5-Interpretation-of-data/3-1-5-1-Interpreting-Histograms-and-Frequency-Polygons-of-Data/Interpreting-Histograms-and-Frequency-Polygons-of-Data.xml,stack/top/3-0-Statistics-Probability/Statistics-1/3-1-5-Interpretation-of-data/3-1-5-1-Interpreting-Histograms-and-Frequency-Polygons-of-Data/Interpreting-of-histograms-of-data.xml,,,
Statistics and Probability,Statistics 1,Statistics in Real-Life,,Yes,statistics-and-probability/statistics-1/subsec-statistics-in-real-life.ptx,0,,,,,
Statistics and Probability,Probability 1,Introduction to Probability,,Yes,statistics-and-probability/probability-1/subsec-introduction-to-probability.ptx,4,stack/top/3-0-Statistics-Probability/Probability-1/Probability-of-Simple-Events/Find-the-probability-of-picking-a-card-from-a-deck.xml,stack/top/3-0-Statistics-Probability/Probability-1/Probability-of-Simple-Events/Identifying-the-range-of-probability-in-different-situations.xml,stack/top/3-0-Statistics-Probability/Probability-1/Introduction-to-Probability/Relating-probability-values-to-real-life-situations.xml,"stack/top/3-0-Statistics-Probability/Probability-1/Introduction-to-Probability/Classifying-events-as-impossible,-possible,-or-certain-in-real-l.xml",
Statistics and Probability,Probability 1,Probability Spaces,,Yes,statistics-and-probability/probability-1/subsec-probability-spaces.ptx,2,stack/top/3-0-Statistics-Probability/Probability-1/Probability-Experiment-and-Sample-Space/Identifying-sample-space-of-a-simple-probability-experiment.xml,stack/top/3-0-Statistics-Probability/Probability-1/Probability-Experiment-and-Sample-Space/Identifying-Probability-Approaches.xml,,,
Statistics and Probability,Probability 1,Mutually Exclusive Events,,Yes,statistics-and-probability/probability-1/subsec-mutually-exclusive-events.ptx,2,stack/top/3-0-Statistics-Probability/Probability-1/Mutually-Exclusive-and-Independent-Events/Mutually-Exclusive/Analyzing-Mutually-Exclusive-Events.xml,stack/top/3-0-Statistics-Probability/Probability-1/Mutually-Exclusive-and-Independent-Events/Mutually-Exclusive/Find-the-conditional-probabilities-for-mutually-exclusive-events.xml,,,
Statistics and Probability,Probability 1,Independent Events,,Yes,statistics-and-probability/probability-1/subsec-independent-events.ptx,1,stack/top/3-0-Statistics-Probability/Probability-1/Mutually-Exclusive-and-Independent-Events/Independent-Events/Calculating-the-conditional-probability-of-independent-events.xml,,,,
Statistics and Probability,Probability 1,Laws of Probability,Addition Rule,Yes,statistics-and-probability/probability-1/subsubsec-addition-rule.ptx,3,stack/top/3-0-Statistics-Probability/Probability-1/Law-of-Probability/Addition-Law-of-Probability/Circuits-using-probability.xml,stack/top/3-0-Statistics-Probability/Probability-1/Law-of-Probability/Addition-Law-of-Probability/Drawings-Balls-from-a-bag-probability.xml,stack/top/3-0-Statistics-Probability/Probability-1/Law-of-Probability/Addition-Law-of-Probability/Simple-probability.xml,,
Statistics and Probability,Probability 1,Laws of Probability,Multiplication Rule,Yes,statistics-and-probability/probability-1/subsubsec-multiplication-rule.ptx,1,stack/top/3-0-Statistics-Probability/Probability-1/Law-of-Probability/multiplication-rule/A-bag-has-6-red-and-4-blue-balls-.xml,,,,
Statistics and Probability,Probability 1,Probability Using Tree Diagrams,,Yes,statistics-and-probability/probability-1/subsec-probability-using-tree-diagrams.ptx,2,stack/top/3-0-Statistics-Probability/Probability-1/Tree-Diagrams-and-Independent-Events/Determining-the-probability-of-independent-events.xml,stack/top/3-0-Statistics-Probability/Probability-1/Tree-Diagrams-and-Independent-Events/example-of-tree-diagram.xml,,,
Statistics and Probability,Probability 1,Probability in Real-Life,,Yes,statistics-and-probability/probability-1/subsec-probability-in-real-life.ptx,0,,,,,
